INSERT INTO `institution` (`id`, `institution_name`, `version`) VALUES (1,'Medizin',0);
INSERT INTO `institution` (`id`, `institution_name`, `version`) VALUES (3,'Electrical Engineering',0);

INSERT INTO `question_type` (`id`, `accept_non_keyword`, `allow_one_to_one_ass`, `allow_typing`, `allow_zoom_in`, `allow_zoom_out`, `answer_length`, `columns`, `description`, `diff_bet_answer`, `image_height`, `image_proportion`, `image_width`, `is_dictionary_keyword`, `keyword_count`, `keyword_highlight`, `length_short_answer`, `linear_percentage`, `linear_point`, `long_name`, `max_bytes`, `max_length`, `max_word_count`, `min_auto_complete_letter`, `min_length`, `min_word_count`, `multimedia_type`, `que_have_image`, `que_have_sound`, `que_have_video`, `question_length`, `question_type`, `rich_text`, `selection_type`, `short_name`, `show_autocomplete`, `sum_answer`, `sum_false_answer`, `sum_true_answer`, `thumb_height`, `thumb_width`, `version`, `institution`) VALUES (1,NULL,NULL,NULL,NULL,NULL,80,NULL,'Vierfache Entscheidung Richtig/Falsch.',50,NULL,NULL,NULL,NULL,NULL,NULL,NULL,NULL,NULL,'KPrim',NULL,NULL,NULL,NULL,NULL,NULL,NULL,'\0','\0','\0',160,0,NULL,NULL,'KPrim',NULL,4,0,0,NULL,NULL,1,1);
INSERT INTO `question_type` (`id`, `accept_non_keyword`, `allow_one_to_one_ass`, `allow_typing`, `allow_zoom_in`, `allow_zoom_out`, `answer_length`, `columns`, `description`, `diff_bet_answer`, `image_height`, `image_proportion`, `image_width`, `is_dictionary_keyword`, `keyword_count`, `keyword_highlight`, `length_short_answer`, `linear_percentage`, `linear_point`, `long_name`, `max_bytes`, `max_length`, `max_word_count`, `min_auto_complete_letter`, `min_length`, `min_word_count`, `multimedia_type`, `que_have_image`, `que_have_sound`, `que_have_video`, `question_length`, `question_type`, `rich_text`, `selection_type`, `short_name`, `show_autocomplete`, `sum_answer`, `sum_false_answer`, `sum_true_answer`, `thumb_height`, `thumb_width`, `version`, `institution`) VALUES (2,NULL,NULL,NULL,NULL,NULL,80,NULL,'Vierfache Richtig/Falsch-Frage mit Medien',50,NULL,NULL,NULL,NULL,NULL,NULL,NULL,NULL,NULL,'KPrim with media',NULL,NULL,NULL,NULL,NULL,NULL,NULL,'','','',160,0,NULL,NULL,'KPrimedia',NULL,4,0,0,NULL,NULL,4,1);
INSERT INTO `question_type` (`id`, `accept_non_keyword`, `allow_one_to_one_ass`, `allow_typing`, `allow_zoom_in`, `allow_zoom_out`, `answer_length`, `columns`, `description`, `diff_bet_answer`, `image_height`, `image_proportion`, `image_width`, `is_dictionary_keyword`, `keyword_count`, `keyword_highlight`, `length_short_answer`, `linear_percentage`, `linear_point`, `long_name`, `max_bytes`, `max_length`, `max_word_count`, `min_auto_complete_letter`, `min_length`, `min_word_count`, `multimedia_type`, `que_have_image`, `que_have_sound`, `que_have_video`, `question_length`, `question_type`, `rich_text`, `selection_type`, `short_name`, `show_autocomplete`, `sum_answer`, `sum_false_answer`, `sum_true_answer`, `thumb_height`, `thumb_width`, `version`, `institution`) VALUES (4,'','\0','',NULL,NULL,256,NULL,'Test question of type matrix with 256 character text length for question and answer',NULL,NULL,NULL,NULL,'',12,NULL,20,NULL,NULL,'.',NULL,NULL,NULL,20,NULL,NULL,NULL,NULL,NULL,NULL,256,1,NULL,NULL,'Matrix Test','',NULL,NULL,NULL,NULL,NULL,1,1);
INSERT INTO `question_type` (`id`, `accept_non_keyword`, `allow_one_to_one_ass`, `allow_typing`, `allow_zoom_in`, `allow_zoom_out`, `answer_length`, `columns`, `description`, `diff_bet_answer`, `image_height`, `image_proportion`, `image_width`, `is_dictionary_keyword`, `keyword_count`, `keyword_highlight`, `length_short_answer`, `linear_percentage`, `linear_point`, `long_name`, `max_bytes`, `max_length`, `max_word_count`, `min_auto_complete_letter`, `min_length`, `min_word_count`, `multimedia_type`, `que_have_image`, `que_have_sound`, `que_have_video`, `question_length`, `question_type`, `rich_text`, `selection_type`, `short_name`, `show_autocomplete`, `sum_answer`, `sum_false_answer`, `sum_true_answer`, `thumb_height`, `thumb_width`, `version`, `institution`) VALUES (5,NULL,NULL,NULL,NULL,NULL,1024,NULL,'Multiple-Choice Richtig/Falsch Frage mit beliebiger Anzahl richtiger / falscher Antworten von insges. 4 Antworten.',100,NULL,NULL,NULL,NULL,NULL,NULL,NULL,NULL,NULL,'KPrim',NULL,NULL,NULL,NULL,NULL,NULL,NULL,'\0','\0','\0',1024,0,NULL,NULL,'KPrim',NULL,4,0,0,NULL,NULL,2,3);
INSERT INTO `question_type` (`id`, `accept_non_keyword`, `allow_one_to_one_ass`, `allow_typing`, `allow_zoom_in`, `allow_zoom_out`, `answer_length`, `columns`, `description`, `diff_bet_answer`, `image_height`, `image_proportion`, `image_width`, `is_dictionary_keyword`, `keyword_count`, `keyword_highlight`, `length_short_answer`, `linear_percentage`, `linear_point`, `long_name`, `max_bytes`, `max_length`, `max_word_count`, `min_auto_complete_letter`, `min_length`, `min_word_count`, `multimedia_type`, `que_have_image`, `que_have_sound`, `que_have_video`, `question_length`, `question_type`, `rich_text`, `selection_type`, `short_name`, `show_autocomplete`, `sum_answer`, `sum_false_answer`, `sum_true_answer`, `thumb_height`, `thumb_width`, `version`, `institution`) VALUES (8,NULL,NULL,NULL,NULL,NULL,20,NULL,'asfjasfjkasfaf asfasf sf asf asfas fas fas faggdf gfg dfger hejjtrh  sfa fas f.',20,NULL,NULL,NULL,NULL,NULL,NULL,NULL,NULL,NULL,'Test length',NULL,NULL,NULL,NULL,NULL,NULL,NULL,'\0','\0','\0',20,0,NULL,NULL,'Test length',NULL,4,0,1,NULL,NULL,0,1);
INSERT INTO `question_type` (`id`, `accept_non_keyword`, `allow_one_to_one_ass`, `allow_typing`, `allow_zoom_in`, `allow_zoom_out`, `answer_length`, `columns`, `description`, `diff_bet_answer`, `image_height`, `image_proportion`, `image_width`, `is_dictionary_keyword`, `keyword_count`, `keyword_highlight`, `length_short_answer`, `linear_percentage`, `linear_point`, `long_name`, `max_bytes`, `max_length`, `max_word_count`, `min_auto_complete_letter`, `min_length`, `min_word_count`, `multimedia_type`, `que_have_image`, `que_have_sound`, `que_have_video`, `question_length`, `question_type`, `rich_text`, `selection_type`, `short_name`, `show_autocomplete`, `sum_answer`, `sum_false_answer`, `sum_true_answer`, `thumb_height`, `thumb_width`, `version`, `institution`) VALUES (9,NULL,NULL,NULL,NULL,NULL,NULL,4,'Multimedia Question (with 4 columns(?) - why columns?)',NULL,NULL,NULL,NULL,NULL,NULL,NULL,NULL,NULL,NULL,'Multimedia Question (Image)',1048576,NULL,NULL,NULL,NULL,NULL,1,NULL,NULL,NULL,256,2,'\0',1,'Multimedia Question (Image)',NULL,NULL,NULL,NULL,NULL,NULL,2,1);
INSERT INTO `question_type` (`id`, `accept_non_keyword`, `allow_one_to_one_ass`, `allow_typing`, `allow_zoom_in`, `allow_zoom_out`, `answer_length`, `columns`, `description`, `diff_bet_answer`, `image_height`, `image_proportion`, `image_width`, `is_dictionary_keyword`, `keyword_count`, `keyword_highlight`, `length_short_answer`, `linear_percentage`, `linear_point`, `long_name`, `max_bytes`, `max_length`, `max_word_count`, `min_auto_complete_letter`, `min_length`, `min_word_count`, `multimedia_type`, `que_have_image`, `que_have_sound`, `que_have_video`, `question_length`, `question_type`, `rich_text`, `selection_type`, `short_name`, `show_autocomplete`, `sum_answer`, `sum_false_answer`, `sum_true_answer`, `thumb_height`, `thumb_width`, `version`, `institution`) VALUES (10,'\0',NULL,'\0',NULL,NULL,256,NULL,'Image Key',NULL,NULL,NULL,NULL,'\0',4,NULL,64,NULL,NULL,'Image Key',NULL,NULL,NULL,0,NULL,NULL,NULL,NULL,NULL,NULL,256,3,NULL,NULL,'Image Key','\0',NULL,NULL,NULL,NULL,NULL,0,1);
INSERT INTO `question_type` (`id`, `accept_non_keyword`, `allow_one_to_one_ass`, `allow_typing`, `allow_zoom_in`, `allow_zoom_out`, `answer_length`, `columns`, `description`, `diff_bet_answer`, `image_height`, `image_proportion`, `image_width`, `is_dictionary_keyword`, `keyword_count`, `keyword_highlight`, `length_short_answer`, `linear_percentage`, `linear_point`, `long_name`, `max_bytes`, `max_length`, `max_word_count`, `min_auto_complete_letter`, `min_length`, `min_word_count`, `multimedia_type`, `que_have_image`, `que_have_sound`, `que_have_video`, `question_length`, `question_type`, `rich_text`, `selection_type`, `short_name`, `show_autocomplete`, `sum_answer`, `sum_false_answer`, `sum_true_answer`, `thumb_height`, `thumb_width`, `version`, `institution`) VALUES (11,'\0',NULL,'',NULL,NULL,256,NULL,'Image Key with Auto-complete',NULL,NULL,NULL,NULL,'\0',4,NULL,64,NULL,NULL,'Image Key with Auto-complete',NULL,NULL,NULL,6,NULL,NULL,NULL,NULL,NULL,NULL,256,3,NULL,NULL,'Image Key (AC)','',NULL,NULL,NULL,NULL,NULL,1,1);
INSERT INTO `question_type` (`id`, `accept_non_keyword`, `allow_one_to_one_ass`, `allow_typing`, `allow_zoom_in`, `allow_zoom_out`, `answer_length`, `columns`, `description`, `diff_bet_answer`, `image_height`, `image_proportion`, `image_width`, `is_dictionary_keyword`, `keyword_count`, `keyword_highlight`, `length_short_answer`, `linear_percentage`, `linear_point`, `long_name`, `max_bytes`, `max_length`, `max_word_count`, `min_auto_complete_letter`, `min_length`, `min_word_count`, `multimedia_type`, `que_have_image`, `que_have_sound`, `que_have_video`, `question_length`, `question_type`, `rich_text`, `selection_type`, `short_name`, `show_autocomplete`, `sum_answer`, `sum_false_answer`, `sum_true_answer`, `thumb_height`, `thumb_width`, `version`, `institution`) VALUES (12,NULL,NULL,NULL,NULL,NULL,NULL,NULL,'Show In Image',NULL,NULL,NULL,NULL,NULL,NULL,NULL,NULL,NULL,NULL,'Show In Image',NULL,NULL,NULL,NULL,NULL,NULL,NULL,NULL,NULL,NULL,256,4,NULL,NULL,'Show In Image',NULL,NULL,NULL,NULL,NULL,NULL,0,1);
INSERT INTO `question_type` (`id`, `accept_non_keyword`, `allow_one_to_one_ass`, `allow_typing`, `allow_zoom_in`, `allow_zoom_out`, `answer_length`, `columns`, `description`, `diff_bet_answer`, `image_height`, `image_proportion`, `image_width`, `is_dictionary_keyword`, `keyword_count`, `keyword_highlight`, `length_short_answer`, `linear_percentage`, `linear_point`, `long_name`, `max_bytes`, `max_length`, `max_word_count`, `min_auto_complete_letter`, `min_length`, `min_word_count`, `multimedia_type`, `que_have_image`, `que_have_sound`, `que_have_video`, `question_length`, `question_type`, `rich_text`, `selection_type`, `short_name`, `show_autocomplete`, `sum_answer`, `sum_false_answer`, `sum_true_answer`, `thumb_height`, `thumb_width`, `version`, `institution`) VALUES (13,NULL,NULL,NULL,NULL,NULL,NULL,NULL,'Written Text',NULL,NULL,NULL,NULL,NULL,NULL,'',NULL,NULL,NULL,'Written Text',NULL,1024,100,NULL,256,20,NULL,NULL,NULL,NULL,256,5,'\0',NULL,'Written Text',NULL,NULL,NULL,NULL,NULL,NULL,0,1);
INSERT INTO `question_type` (`id`, `accept_non_keyword`, `allow_one_to_one_ass`, `allow_typing`, `allow_zoom_in`, `allow_zoom_out`, `answer_length`, `columns`, `description`, `diff_bet_answer`, `image_height`, `image_proportion`, `image_width`, `is_dictionary_keyword`, `keyword_count`, `keyword_highlight`, `length_short_answer`, `linear_percentage`, `linear_point`, `long_name`, `max_bytes`, `max_length`, `max_word_count`, `min_auto_complete_letter`, `min_length`, `min_word_count`, `multimedia_type`, `que_have_image`, `que_have_sound`, `que_have_video`, `question_length`, `question_type`, `rich_text`, `selection_type`, `short_name`, `show_autocomplete`, `sum_answer`, `sum_false_answer`, `sum_true_answer`, `thumb_height`, `thumb_width`, `version`, `institution`) VALUES (15,NULL,NULL,NULL,NULL,NULL,0,NULL,'tTest',100,NULL,NULL,NULL,NULL,NULL,NULL,NULL,NULL,NULL,'Tes',NULL,NULL,NULL,NULL,NULL,NULL,NULL,'\0','\0','\0',0,0,NULL,NULL,'Tes',NULL,999,4,0,NULL,NULL,0,1);
INSERT INTO `question_type` (`id`, `accept_non_keyword`, `allow_one_to_one_ass`, `allow_typing`, `allow_zoom_in`, `allow_zoom_out`, `answer_length`, `columns`, `description`, `diff_bet_answer`, `image_height`, `image_proportion`, `image_width`, `is_dictionary_keyword`, `keyword_count`, `keyword_highlight`, `length_short_answer`, `linear_percentage`, `linear_point`, `long_name`, `max_bytes`, `max_length`, `max_word_count`, `min_auto_complete_letter`, `min_length`, `min_word_count`, `multimedia_type`, `que_have_image`, `que_have_sound`, `que_have_video`, `question_length`, `question_type`, `rich_text`, `selection_type`, `short_name`, `show_autocomplete`, `sum_answer`, `sum_false_answer`, `sum_true_answer`, `thumb_height`, `thumb_width`, `version`, `institution`) VALUES (16,NULL,NULL,NULL,NULL,NULL,124,NULL,'Text based with image',100,NULL,NULL,NULL,NULL,NULL,NULL,NULL,NULL,NULL,'Text based with image',NULL,NULL,NULL,NULL,NULL,NULL,NULL,'','\0','\0',124,0,NULL,NULL,'Text based with image',NULL,4,0,0,NULL,NULL,0,1);
INSERT INTO `question_type` (`id`, `accept_non_keyword`, `allow_one_to_one_ass`, `allow_typing`, `allow_zoom_in`, `allow_zoom_out`, `answer_length`, `columns`, `description`, `diff_bet_answer`, `image_height`, `image_proportion`, `image_width`, `is_dictionary_keyword`, `keyword_count`, `keyword_highlight`, `length_short_answer`, `linear_percentage`, `linear_point`, `long_name`, `max_bytes`, `max_length`, `max_word_count`, `min_auto_complete_letter`, `min_length`, `min_word_count`, `multimedia_type`, `que_have_image`, `que_have_sound`, `que_have_video`, `question_length`, `question_type`, `rich_text`, `selection_type`, `short_name`, `show_autocomplete`, `sum_answer`, `sum_false_answer`, `sum_true_answer`, `thumb_height`, `thumb_width`, `version`, `institution`) VALUES (17,NULL,NULL,NULL,NULL,NULL,128,NULL,'Text based with video',100,NULL,NULL,NULL,NULL,NULL,NULL,NULL,NULL,NULL,'Text based with video',NULL,NULL,NULL,NULL,NULL,NULL,NULL,'\0','\0','',128,0,NULL,NULL,'Text based with video',NULL,4,0,0,NULL,NULL,0,1);
INSERT INTO `question_type` (`id`, `accept_non_keyword`, `allow_one_to_one_ass`, `allow_typing`, `allow_zoom_in`, `allow_zoom_out`, `answer_length`, `columns`, `description`, `diff_bet_answer`, `image_height`, `image_proportion`, `image_width`, `is_dictionary_keyword`, `keyword_count`, `keyword_highlight`, `length_short_answer`, `linear_percentage`, `linear_point`, `long_name`, `max_bytes`, `max_length`, `max_word_count`, `min_auto_complete_letter`, `min_length`, `min_word_count`, `multimedia_type`, `que_have_image`, `que_have_sound`, `que_have_video`, `question_length`, `question_type`, `rich_text`, `selection_type`, `short_name`, `show_autocomplete`, `sum_answer`, `sum_false_answer`, `sum_true_answer`, `thumb_height`, `thumb_width`, `version`, `institution`) VALUES (18,NULL,NULL,NULL,NULL,NULL,128,NULL,'Text based with audio',100,NULL,NULL,NULL,NULL,NULL,NULL,NULL,NULL,NULL,'Text based with audio',NULL,NULL,NULL,NULL,NULL,NULL,NULL,'\0','','\0',128,0,NULL,NULL,'Text based with audio',NULL,4,0,0,NULL,NULL,0,1);
INSERT INTO `question_type` (`id`, `accept_non_keyword`, `allow_one_to_one_ass`, `allow_typing`, `allow_zoom_in`, `allow_zoom_out`, `answer_length`, `columns`, `description`, `diff_bet_answer`, `image_height`, `image_proportion`, `image_width`, `is_dictionary_keyword`, `keyword_count`, `keyword_highlight`, `length_short_answer`, `linear_percentage`, `linear_point`, `long_name`, `max_bytes`, `max_length`, `max_word_count`, `min_auto_complete_letter`, `min_length`, `min_word_count`, `multimedia_type`, `que_have_image`, `que_have_sound`, `que_have_video`, `question_length`, `question_type`, `rich_text`, `selection_type`, `short_name`, `show_autocomplete`, `sum_answer`, `sum_false_answer`, `sum_true_answer`, `thumb_height`, `thumb_width`, `version`, `institution`) VALUES (19,NULL,NULL,NULL,NULL,NULL,1024,NULL,'Frage mit 5 Antworten und nur eine Auswahl ist korrekt.',100,NULL,NULL,NULL,NULL,NULL,NULL,NULL,NULL,NULL,'A+/-',NULL,NULL,NULL,NULL,NULL,NULL,NULL,'\0','\0','\0',1024,0,NULL,NULL,'A+/-',NULL,5,4,1,NULL,NULL,0,3);
INSERT INTO `question_type` (`id`, `accept_non_keyword`, `allow_one_to_one_ass`, `allow_typing`, `allow_zoom_in`, `allow_zoom_out`, `answer_length`, `columns`, `description`, `diff_bet_answer`, `image_height`, `image_proportion`, `image_width`, `is_dictionary_keyword`, `keyword_count`, `keyword_highlight`, `length_short_answer`, `linear_percentage`, `linear_point`, `long_name`, `max_bytes`, `max_length`, `max_word_count`, `min_auto_complete_letter`, `min_length`, `min_word_count`, `multimedia_type`, `que_have_image`, `que_have_sound`, `que_have_video`, `question_length`, `question_type`, `rich_text`, `selection_type`, `short_name`, `show_autocomplete`, `sum_answer`, `sum_false_answer`, `sum_true_answer`, `thumb_height`, `thumb_width`, `version`, `institution`) VALUES (20,NULL,NULL,NULL,NULL,NULL,1024,NULL,'5 Antworten, nur eine richtige Antwort. Mit Multimedia-Files',100,NULL,NULL,NULL,NULL,NULL,NULL,NULL,NULL,NULL,'A+/- mit Medien',NULL,NULL,NULL,NULL,NULL,NULL,NULL,'','','',1024,0,NULL,NULL,'A+/- mit Medien',NULL,5,4,1,NULL,NULL,0,3);
INSERT INTO `question_type` (`id`, `accept_non_keyword`, `allow_one_to_one_ass`, `allow_typing`, `allow_zoom_in`, `allow_zoom_out`, `answer_length`, `columns`, `description`, `diff_bet_answer`, `image_height`, `image_proportion`, `image_width`, `is_dictionary_keyword`, `keyword_count`, `keyword_highlight`, `length_short_answer`, `linear_percentage`, `linear_point`, `long_name`, `max_bytes`, `max_length`, `max_word_count`, `min_auto_complete_letter`, `min_length`, `min_word_count`, `multimedia_type`, `que_have_image`, `que_have_sound`, `que_have_video`, `question_length`, `question_type`, `rich_text`, `selection_type`, `short_name`, `show_autocomplete`, `sum_answer`, `sum_false_answer`, `sum_true_answer`, `thumb_height`, `thumb_width`, `version`, `institution`) VALUES (21,NULL,'\0',NULL,NULL,NULL,1024,NULL,'Matrixfrage mit m:n zuweisung. D.h. pro Zeile und Spalte sind mehrere Zuweisungen möglich.',NULL,NULL,NULL,NULL,NULL,NULL,NULL,NULL,NULL,NULL,'Matrix 1n-m',NULL,NULL,NULL,NULL,NULL,NULL,NULL,NULL,NULL,NULL,1024,1,NULL,NULL,'Matrix n-m',NULL,NULL,NULL,NULL,NULL,NULL,0,3);
INSERT INTO `question_type` (`id`, `accept_non_keyword`, `allow_one_to_one_ass`, `allow_typing`, `allow_zoom_in`, `allow_zoom_out`, `answer_length`, `columns`, `description`, `diff_bet_answer`, `image_height`, `image_proportion`, `image_width`, `is_dictionary_keyword`, `keyword_count`, `keyword_highlight`, `length_short_answer`, `linear_percentage`, `linear_point`, `long_name`, `max_bytes`, `max_length`, `max_word_count`, `min_auto_complete_letter`, `min_length`, `min_word_count`, `multimedia_type`, `que_have_image`, `que_have_sound`, `que_have_video`, `question_length`, `question_type`, `rich_text`, `selection_type`, `short_name`, `show_autocomplete`, `sum_answer`, `sum_false_answer`, `sum_true_answer`, `thumb_height`, `thumb_width`, `version`, `institution`) VALUES (22,NULL,NULL,NULL,NULL,NULL,NULL,2,'Multimediafrage mit Bildantworten.',NULL,NULL,NULL,NULL,NULL,NULL,NULL,NULL,NULL,NULL,'Multimedia mit Bild',2097152,NULL,NULL,NULL,NULL,NULL,1,NULL,NULL,NULL,1024,2,'\0',1,'Multimedia Bild',NULL,NULL,NULL,NULL,NULL,NULL,1,3);
INSERT INTO `question_type` (`id`, `accept_non_keyword`, `allow_one_to_one_ass`, `allow_typing`, `allow_zoom_in`, `allow_zoom_out`, `answer_length`, `columns`, `description`, `diff_bet_answer`, `image_height`, `image_proportion`, `image_width`, `is_dictionary_keyword`, `keyword_count`, `keyword_highlight`, `length_short_answer`, `linear_percentage`, `linear_point`, `long_name`, `max_bytes`, `max_length`, `max_word_count`, `min_auto_complete_letter`, `min_length`, `min_word_count`, `multimedia_type`, `que_have_image`, `que_have_sound`, `que_have_video`, `question_length`, `question_type`, `rich_text`, `selection_type`, `short_name`, `show_autocomplete`, `sum_answer`, `sum_false_answer`, `sum_true_answer`, `thumb_height`, `thumb_width`, `version`, `institution`) VALUES (23,'\0',NULL,'\0',NULL,NULL,256,NULL,'ImageKey-Frage ohne Tippen (nur Multiple-Choice-Auswahl)',NULL,NULL,NULL,NULL,'\0',4,NULL,0,NULL,NULL,'ImageKey',NULL,NULL,NULL,0,NULL,NULL,NULL,NULL,NULL,NULL,1024,3,NULL,NULL,'ImageKey','\0',NULL,NULL,NULL,NULL,NULL,0,3);
INSERT INTO `question_type` (`id`, `accept_non_keyword`, `allow_one_to_one_ass`, `allow_typing`, `allow_zoom_in`, `allow_zoom_out`, `answer_length`, `columns`, `description`, `diff_bet_answer`, `image_height`, `image_proportion`, `image_width`, `is_dictionary_keyword`, `keyword_count`, `keyword_highlight`, `length_short_answer`, `linear_percentage`, `linear_point`, `long_name`, `max_bytes`, `max_length`, `max_word_count`, `min_auto_complete_letter`, `min_length`, `min_word_count`, `multimedia_type`, `que_have_image`, `que_have_sound`, `que_have_video`, `question_length`, `question_type`, `rich_text`, `selection_type`, `short_name`, `show_autocomplete`, `sum_answer`, `sum_false_answer`, `sum_true_answer`, `thumb_height`, `thumb_width`, `version`, `institution`) VALUES (24,'',NULL,'',NULL,NULL,0,NULL,'ImageKey-Frage mit tippen, Autovervollständiung; akzeptiert falsche Antworten etc.',NULL,NULL,NULL,NULL,'',4,NULL,64,NULL,NULL,'ImageKey /w typing',NULL,NULL,NULL,12,NULL,NULL,NULL,NULL,NULL,NULL,0,3,NULL,NULL,'ImageKey /w typing','',NULL,NULL,NULL,NULL,NULL,0,3);
INSERT INTO `question_type` (`id`, `accept_non_keyword`, `allow_one_to_one_ass`, `allow_typing`, `allow_zoom_in`, `allow_zoom_out`, `answer_length`, `columns`, `description`, `diff_bet_answer`, `image_height`, `image_proportion`, `image_width`, `is_dictionary_keyword`, `keyword_count`, `keyword_highlight`, `length_short_answer`, `linear_percentage`, `linear_point`, `long_name`, `max_bytes`, `max_length`, `max_word_count`, `min_auto_complete_letter`, `min_length`, `min_word_count`, `multimedia_type`, `que_have_image`, `que_have_sound`, `que_have_video`, `question_length`, `question_type`, `rich_text`, `selection_type`, `short_name`, `show_autocomplete`, `sum_answer`, `sum_false_answer`, `sum_true_answer`, `thumb_height`, `thumb_width`, `version`, `institution`) VALUES (25,NULL,NULL,NULL,NULL,NULL,NULL,NULL,'ShowInImage',NULL,NULL,NULL,NULL,NULL,NULL,NULL,NULL,NULL,NULL,'ShowInImage',NULL,NULL,NULL,NULL,NULL,NULL,NULL,NULL,NULL,NULL,1024,4,NULL,NULL,'ShowInImage',NULL,NULL,NULL,NULL,NULL,NULL,0,3);
INSERT INTO `question_type` (`id`, `accept_non_keyword`, `allow_one_to_one_ass`, `allow_typing`, `allow_zoom_in`, `allow_zoom_out`, `answer_length`, `columns`, `description`, `diff_bet_answer`, `image_height`, `image_proportion`, `image_width`, `is_dictionary_keyword`, `keyword_count`, `keyword_highlight`, `length_short_answer`, `linear_percentage`, `linear_point`, `long_name`, `max_bytes`, `max_length`, `max_word_count`, `min_auto_complete_letter`, `min_length`, `min_word_count`, `multimedia_type`, `que_have_image`, `que_have_sound`, `que_have_video`, `question_length`, `question_type`, `rich_text`, `selection_type`, `short_name`, `show_autocomplete`, `sum_answer`, `sum_false_answer`, `sum_true_answer`, `thumb_height`, `thumb_width`, `version`, `institution`) VALUES (26,NULL,NULL,NULL,NULL,NULL,NULL,NULL,'Freitext, vom Studenten verfasst.',NULL,NULL,NULL,NULL,NULL,NULL,'',NULL,NULL,NULL,'Freitext',NULL,2048,1000,NULL,0,3,NULL,'\0','\0','\0',1024,5,'\0',NULL,'Freitext',NULL,NULL,NULL,NULL,NULL,NULL,0,3);

INSERT INTO `person` (`id`, `alternativ_email`, `email`, `is_accepted`, `is_admin`, `is_doctor`, `name`, `phone_number`, `prename`, `shid_id`, `version`, `doctor`) VALUES (1,'ah@uhbs.ch','anton.barack@unibas.ch','','\0','\0','Barack','078 983 23 45','Anton','LHDAHSDFHDKJFH747835',0,NULL);
INSERT INTO `person` (`id`, `alternativ_email`, `email`, `is_accepted`, `is_admin`, `is_doctor`, `name`, `phone_number`, `prename`, `shid_id`, `version`, `doctor`) VALUES (2,'david.boehler@unibas.ch','david.boehler@unibas.ch','','','\0','Böhler','079 455 00 11','David','JLFJDLASFHLSDHF48945',0,NULL);
INSERT INTO `person` (`id`, `alternativ_email`, `email`, `is_accepted`, `is_admin`, `is_doctor`, `name`, `phone_number`, `prename`, `shid_id`, `version`, `doctor`) VALUES (3,'boehler@me.com','d.boehler@i-webdesign.com','\0','\0','\0','Dunkel','065 856 98 87','Anton','JNVNSDVNJSDG456',0,NULL);
INSERT INTO `person` (`id`, `alternativ_email`, `email`, `is_accepted`, `is_admin`, `is_doctor`, `name`, `phone_number`, `prename`, `shid_id`, `version`, `doctor`) VALUES (4,'','hanspeter.schmidheiny@unibas.ch','\0','\0','\0','Schmidheiny','061 123 45 67','Hanspeter','1374849050018',1,NULL);
INSERT INTO `person` (`id`, `alternativ_email`, `email`, `is_accepted`, `is_admin`, `is_doctor`, `name`, `phone_number`, `prename`, `shid_id`, `version`, `doctor`) VALUES (5,'','michael.pilcher@unibas.ch','\0','\0','\0','Pilcher','062 345 67 89','Michael','1375173708059',1,NULL);
INSERT INTO `person` (`id`, `alternativ_email`, `email`, `is_accepted`, `is_admin`, `is_doctor`, `name`, `phone_number`, `prename`, `shid_id`, `version`, `doctor`) VALUES (8,'','martin.mueller@unibas.ch','\0','\0','\0','Müller','0123456789','Martin','1375176068472',1,NULL);
INSERT INTO `person` (`id`, `alternativ_email`, `email`, `is_accepted`, `is_admin`, `is_doctor`, `name`, `phone_number`, `prename`, `shid_id`, `version`, `doctor`) VALUES (10,'','example@example.com','\0','','\0','Test','+41987654321','Test',NULL,0,NULL);
INSERT INTO `person` (`id`, `alternativ_email`, `email`, `is_accepted`, `is_admin`, `is_doctor`, `name`, `phone_number`, `prename`, `shid_id`, `version`, `doctor`) VALUES (11,'','richard.best@unibas.ch','\0','\0','\0','Best','+98 765 43 21','Richard','1380810407271',1,NULL);
INSERT INTO `person` (`id`, `alternativ_email`, `email`, `is_accepted`, `is_admin`, `is_doctor`, `name`, `phone_number`, `prename`, `shid_id`, `version`, `doctor`) VALUES (12,'','markus.bergschmied@unibas.ch','\0','\0','\0','Bergschmied','8978978945656','Markus','1380807434049',1,NULL);
INSERT INTO `person` (`id`, `alternativ_email`, `email`, `is_accepted`, `is_admin`, `is_doctor`, `name`, `phone_number`, `prename`, `shid_id`, `version`, `doctor`) VALUES (13,'test@unibas.ch','toeaeuest1@uenibaes.ch','\0','\0','\0','Test2','123456','Test2',NULL,0,NULL);

INSERT INTO `question_event` (`id`, `event_name`, `version`, `institution`) VALUES (1,'Test-Themenblock',0,1);
INSERT INTO `question_event` (`id`, `event_name`, `version`, `institution`) VALUES (2,'Signale und Systeme',1,3);
INSERT INTO `question_event` (`id`, `event_name`, `version`, `institution`) VALUES (3,'Digital Circuits',0,3);
INSERT INTO `question_event` (`id`, `event_name`, `version`, `institution`) VALUES (4,'Kommunikationstechnik',0,3);
INSERT INTO `question_event` (`id`, `event_name`, `version`, `institution`) VALUES (5,'Digitale Signalverarbeitung',0,3);

INSERT INTO `mc` (`id`, `mc_name`, `version`) VALUES (1,'MC 1.1',0);
INSERT INTO `mc` (`id`, `mc_name`, `version`) VALUES (2,'MC 1.2',0);
INSERT INTO `mc` (`id`, `mc_name`, `version`) VALUES (3,'MC 2.1',0);
INSERT INTO `mc` (`id`, `mc_name`, `version`) VALUES (4,'MC 2.2',0);
INSERT INTO `mc` (`id`, `mc_name`, `version`) VALUES (5,'MC 3.1',0);
INSERT INTO `mc` (`id`, `mc_name`, `version`) VALUES (6,'MC 3.2',0);
INSERT INTO `mc` (`id`, `mc_name`, `version`) VALUES (7,'MC 4.1',0);
INSERT INTO `mc` (`id`, `mc_name`, `version`) VALUES (8,'MC 4.2',0);
INSERT INTO `mc` (`id`, `mc_name`, `version`) VALUES (9,'MC 5.1',0);
INSERT INTO `mc` (`id`, `mc_name`, `version`) VALUES (10,'MC 5.2',0);
INSERT INTO `mc` (`id`, `mc_name`, `version`) VALUES (11,'MC 6.1',0);
INSERT INTO `mc` (`id`, `mc_name`, `version`) VALUES (12,'MC 6.2',0);

INSERT INTO `question` (`id`, `date_added`, `date_changed`, `is_accepted_admin`, `is_accepted_author`, `is_accepted_rewiever`, `is_forced_active`, `is_read_only`,  `question_short_name`, `question_sub_version`, `question_text`, `question_version`, `status`, `submit_to_review_comitee`, `version`, `autor`, `comment`, `previous_version`, `quest_event`, `question_type`, `rewiewer`, `created_by`, `modified_by`) VALUES (1,'2013-07-23 14:39:21','2013-07-23 14:39:56','','','\0','','\0','Testfrage',1,'Wie lautet diese Testfrage?<br>',0,7,'\0',4,1,'1',NULL,1,1,3,NULL,NULL);
INSERT INTO `question` (`id`, `date_added`, `date_changed`, `is_accepted_admin`, `is_accepted_author`, `is_accepted_rewiever`, `is_forced_active`, `is_read_only`,  `question_short_name`, `question_sub_version`, `question_text`, `question_version`, `status`, `submit_to_review_comitee`, `version`, `autor`, `comment`, `previous_version`, `quest_event`, `question_type`, `rewiewer`, `created_by`, `modified_by`) VALUES (2,'2013-07-23 14:58:34',NULL,'','','','\0','','Testfrage II',0,'Mit welchem Medikament ist Testfrage II zu behandeln?<br>',0,7,'\0',4,1,'3',NULL,1,1,3,NULL,NULL);
INSERT INTO `question` (`id`, `date_added`, `date_changed`, `is_accepted_admin`, `is_accepted_author`, `is_accepted_rewiever`, `is_forced_active`, `is_read_only`,  `question_short_name`, `question_sub_version`, `question_text`, `question_version`, `status`, `submit_to_review_comitee`, `version`, `autor`, `comment`, `previous_version`, `quest_event`, `question_type`, `rewiewer`, `created_by`, `modified_by`) VALUES (3,'2013-07-23 15:31:38',NULL,'','\0','\0','\0','\0','Testfrage Mediafail',0,'Kann zu dieser Frage ein Medientyp hochgeladen werden?<br>',0,7,'',1,1,'4',NULL,1,1,NULL,NULL,NULL);
INSERT INTO `question` (`id`, `date_added`, `date_changed`, `is_accepted_admin`, `is_accepted_author`, `is_accepted_rewiever`, `is_forced_active`, `is_read_only`,  `question_short_name`, `question_sub_version`, `question_text`, `question_version`, `status`, `submit_to_review_comitee`, `version`, `autor`, `comment`, `previous_version`, `quest_event`, `question_type`, `rewiewer`, `created_by`, `modified_by`) VALUES (4,'2013-07-23 15:33:43','2013-07-26 14:41:18','\0','\0','','\0','\0','Testfrage mit Medien',2,'Test 123<br>',0,5,'\0',5,1,'5',NULL,1,2,3,NULL,NULL);
INSERT INTO `question` (`id`, `date_added`, `date_changed`, `is_accepted_admin`, `is_accepted_author`, `is_accepted_rewiever`, `is_forced_active`, `is_read_only`,  `question_short_name`, `question_sub_version`, `question_text`, `question_version`, `status`, `submit_to_review_comitee`, `version`, `autor`, `comment`, `previous_version`, `quest_event`, `question_type`, `rewiewer`, `created_by`, `modified_by`) VALUES (5,'2013-07-23 16:10:20','2013-07-26 14:32:34','','','','\0','\0','Testfrage II',1,'Mit welchem Medikament ist Testfrage II zu behandeln?<br>',1,7,'\0',5,1,'6',2,1,1,3,NULL,NULL);
INSERT INTO `question` (`id`, `date_added`, `date_changed`, `is_accepted_admin`, `is_accepted_author`, `is_accepted_rewiever`, `is_forced_active`, `is_read_only`,  `question_short_name`, `question_sub_version`, `question_text`, `question_version`, `status`, `submit_to_review_comitee`, `version`, `autor`, `comment`, `previous_version`, `quest_event`, `question_type`, `rewiewer`, `created_by`, `modified_by`) VALUES (6,'2013-07-24 11:49:23','2013-07-26 14:32:49','','','','\0','\0','Testfrage Mediafail',1,'Kann zu dieser Frage ein Medientyp hochgeladen werden?<br>',1,7,'\0',5,1,'23',3,1,1,3,NULL,NULL);
INSERT INTO `question` (`id`, `date_added`, `date_changed`, `is_accepted_admin`, `is_accepted_author`, `is_accepted_rewiever`, `is_forced_active`, `is_read_only`,  `question_short_name`, `question_sub_version`, `question_text`, `question_version`, `status`, `submit_to_review_comitee`, `version`, `autor`, `comment`, `previous_version`, `quest_event`, `question_type`, `rewiewer`, `created_by`, `modified_by`) VALUES (7,'2013-07-25 15:20:52',NULL,'','\0','','','\0','Testfrage III',0,'Lalalalalalalala?',0,6,'\0',2,1,'30',NULL,1,1,3,2,NULL);
INSERT INTO `question` (`id`, `date_added`, `date_changed`, `is_accepted_admin`, `is_accepted_author`, `is_accepted_rewiever`, `is_forced_active`, `is_read_only`,  `question_short_name`, `question_sub_version`, `question_text`, `question_version`, `status`, `submit_to_review_comitee`, `version`, `autor`, `comment`, `previous_version`, `quest_event`, `question_type`, `rewiewer`, `created_by`, `modified_by`) VALUES (8,'2013-07-30 15:40:21',NULL,'','','','\0','\0','',0,'FPGAs sind in folgenden Bereichen sinnvoll einzusetzen:<br>',0,7,'\0',3,5,'32',NULL,3,5,4,5,NULL);
INSERT INTO `question` (`id`, `date_added`, `date_changed`, `is_accepted_admin`, `is_accepted_author`, `is_accepted_rewiever`, `is_forced_active`, `is_read_only`,  `question_short_name`, `question_sub_version`, `question_text`, `question_version`, `status`, `submit_to_review_comitee`, `version`, `autor`, `comment`, `previous_version`, `quest_event`, `question_type`, `rewiewer`, `created_by`, `modified_by`) VALUES (9,'2013-07-30 15:56:53',NULL,'','','','\0','\0','',0,'FPGA steht für<br>',0,7,'\0',3,5,'33',NULL,3,5,4,5,NULL);
INSERT INTO `question` (`id`, `date_added`, `date_changed`, `is_accepted_admin`, `is_accepted_author`, `is_accepted_rewiever`, `is_forced_active`, `is_read_only`,  `question_short_name`, `question_sub_version`, `question_text`, `question_version`, `status`, `submit_to_review_comitee`, `version`, `autor`, `comment`, `previous_version`, `quest_event`, `question_type`, `rewiewer`, `created_by`, `modified_by`) VALUES (10,'2013-07-30 15:58:17',NULL,'','','\0','\0','\0','',0,'Beurteilen Sie die Richtigkeit der folgenden Aussagen zum Thema VHDL.<br>',0,7,'\0',2,5,'34',NULL,3,5,4,4,NULL);
INSERT INTO `question` (`id`, `date_added`, `date_changed`, `is_accepted_admin`, `is_accepted_author`, `is_accepted_rewiever`, `is_forced_active`, `is_read_only`,  `question_short_name`, `question_sub_version`, `question_text`, `question_version`, `status`, `submit_to_review_comitee`, `version`, `autor`, `comment`, `previous_version`, `quest_event`, `question_type`, `rewiewer`, `created_by`, `modified_by`) VALUES (11,'2013-08-05 14:01:37','2013-09-19 16:51:12','','\0','\0','\0','\0','Testfrage mit Medien',1,'What?',0,0,'\0',1,1,'35',NULL,1,2,3,2,NULL);
INSERT INTO `question` (`id`, `date_added`, `date_changed`, `is_accepted_admin`, `is_accepted_author`, `is_accepted_rewiever`, `is_forced_active`, `is_read_only`,  `question_short_name`, `question_sub_version`, `question_text`, `question_version`, `status`, `submit_to_review_comitee`, `version`, `autor`, `comment`, `previous_version`, `quest_event`, `question_type`, `rewiewer`, `created_by`, `modified_by`) VALUES (12,'2013-08-06 11:29:48',NULL,'','','','\0','\0','Was ist Zeitinvarianz?',0,'Was ist Zeitinvarianz?',0,7,'\0',3,4,'36',NULL,2,5,5,4,NULL);
INSERT INTO `question` (`id`, `date_added`, `date_changed`, `is_accepted_admin`, `is_accepted_author`, `is_accepted_rewiever`, `is_forced_active`, `is_read_only`,  `question_short_name`, `question_sub_version`, `question_text`, `question_version`, `status`, `submit_to_review_comitee`, `version`, `autor`, `comment`, `previous_version`, `quest_event`, `question_type`, `rewiewer`, `created_by`, `modified_by`) VALUES (13,'2013-08-06 14:54:26',NULL,'\0','','\0','\0','\0','Test',0,'What?',0,7,'\0',1,4,'39',NULL,2,5,1,8,NULL);
INSERT INTO `question` (`id`, `date_added`, `date_changed`, `is_accepted_admin`, `is_accepted_author`, `is_accepted_rewiever`, `is_forced_active`, `is_read_only`,  `question_short_name`, `question_sub_version`, `question_text`, `question_version`, `status`, `submit_to_review_comitee`, `version`, `autor`, `comment`, `previous_version`, `quest_event`, `question_type`, `rewiewer`, `created_by`, `modified_by`) VALUES (14,'2013-08-26 14:12:42',NULL,'','\0','\0','\0','\0','Test MC',0,'Test MC<br>',0,0,'\0',0,1,'40',NULL,1,2,3,2,NULL);
INSERT INTO `question` (`id`, `date_added`, `date_changed`, `is_accepted_admin`, `is_accepted_author`, `is_accepted_rewiever`, `is_forced_active`, `is_read_only`,  `question_short_name`, `question_sub_version`, `question_text`, `question_version`, `status`, `submit_to_review_comitee`, `version`, `autor`, `comment`, `previous_version`, `quest_event`, `question_type`, `rewiewer`, `created_by`, `modified_by`) VALUES (15,'2013-08-26 14:16:11',NULL,'','\0','\0','\0','\0','Test length',0,'Test length',0,7,'\0',1,1,'41',NULL,1,8,3,2,2);
INSERT INTO `question` (`id`, `date_added`, `date_changed`, `is_accepted_admin`, `is_accepted_author`, `is_accepted_rewiever`, `is_forced_active`, `is_read_only`,  `question_short_name`, `question_sub_version`, `question_text`, `question_version`, `status`, `submit_to_review_comitee`, `version`, `autor`, `comment`, `previous_version`, `quest_event`, `question_type`, `rewiewer`, `created_by`, `modified_by`) VALUES (16,'2013-09-19 12:37:30',NULL,'','\0','\0','\0','\0','',0,'Test-Question Multimedia.<br>',0,7,'\0',1,1,'47',NULL,1,9,3,2,2);
INSERT INTO `question` (`id`, `date_added`, `date_changed`, `is_accepted_admin`, `is_accepted_author`, `is_accepted_rewiever`, `is_forced_active`, `is_read_only`,  `question_short_name`, `question_sub_version`, `question_text`, `question_version`, `status`, `submit_to_review_comitee`, `version`, `autor`, `comment`, `previous_version`, `quest_event`, `question_type`, `rewiewer`, `created_by`, `modified_by`) VALUES (17,'2013-09-19 12:55:47',NULL,'','','','\0','\0','Multimedia Test',0,'Multimedia Test',0,6,'\0',2,1,'48',NULL,1,9,3,2,1);
INSERT INTO `question` (`id`, `date_added`, `date_changed`, `is_accepted_admin`, `is_accepted_author`, `is_accepted_rewiever`, `is_forced_active`, `is_read_only`,  `question_short_name`, `question_sub_version`, `question_text`, `question_version`, `status`, `submit_to_review_comitee`, `version`, `autor`, `comment`, `previous_version`, `quest_event`, `question_type`, `rewiewer`, `created_by`, `modified_by`) VALUES (18,'2013-09-19 17:12:08','2013-09-19 17:15:23','','\0','','\0','\0','Image Key Test',1,'Image Key Test<br>',0,5,'\0',3,1,'52',NULL,1,10,3,2,2);
INSERT INTO `question` (`id`, `date_added`, `date_changed`, `is_accepted_admin`, `is_accepted_author`, `is_accepted_rewiever`, `is_forced_active`, `is_read_only`,  `question_short_name`, `question_sub_version`, `question_text`, `question_version`, `status`, `submit_to_review_comitee`, `version`, `autor`, `comment`, `previous_version`, `quest_event`, `question_type`, `rewiewer`, `created_by`, `modified_by`) VALUES (19,'2013-09-19 17:21:59',NULL,'','\0','\0','\0','\0','Text based with audio',0,'Text based with audio',0,0,'\0',0,1,'53',NULL,1,18,3,2,NULL);
INSERT INTO `question` (`id`, `date_added`, `date_changed`, `is_accepted_admin`, `is_accepted_author`, `is_accepted_rewiever`, `is_forced_active`, `is_read_only`,  `question_short_name`, `question_sub_version`, `question_text`, `question_version`, `status`, `submit_to_review_comitee`, `version`, `autor`, `comment`, `previous_version`, `quest_event`, `question_type`, `rewiewer`, `created_by`, `modified_by`) VALUES (20,'2013-09-19 17:24:10','2013-09-26 15:32:06','','','\0','\0','\0','Text based with img',1,'Text based with img',0,0,'\0',1,2,'54',NULL,1,16,3,2,2);
INSERT INTO `question` (`id`, `date_added`, `date_changed`, `is_accepted_admin`, `is_accepted_author`, `is_accepted_rewiever`, `is_forced_active`, `is_read_only`,  `question_short_name`, `question_sub_version`, `question_text`, `question_version`, `status`, `submit_to_review_comitee`, `version`, `autor`, `comment`, `previous_version`, `quest_event`, `question_type`, `rewiewer`, `created_by`, `modified_by`) VALUES (21,'2013-10-03 11:02:59',NULL,'','','\0','\0','\0','Test',0,'What?',1,1,'\0',2,4,'55',13,2,5,1,8,4);
INSERT INTO `question` (`id`, `date_added`, `date_changed`, `is_accepted_admin`, `is_accepted_author`, `is_accepted_rewiever`, `is_forced_active`, `is_read_only`,  `question_short_name`, `question_sub_version`, `question_text`, `question_version`, `status`, `submit_to_review_comitee`, `version`, `autor`, `comment`, `previous_version`, `quest_event`, `question_type`, `rewiewer`, `created_by`, `modified_by`) VALUES (22,'2013-10-03 11:23:34',NULL,'','','','\0','\0','',0,'Beurteilen Sie die Richtigkeit der folgenden Aussagen zum Thema VHDL.<br>',1,7,'\0',4,5,'56',10,3,5,4,4,4);
INSERT INTO `question` (`id`, `date_added`, `date_changed`, `is_accepted_admin`, `is_accepted_author`, `is_accepted_rewiever`, `is_forced_active`, `is_read_only`,  `question_short_name`, `question_sub_version`, `question_text`, `question_version`, `status`, `submit_to_review_comitee`, `version`, `autor`, `comment`, `previous_version`, `quest_event`, `question_type`, `rewiewer`, `created_by`, `modified_by`) VALUES (23,'2013-10-03 15:41:03','2013-10-29 10:08:23','','\0','','\0','\0','Übertragungsbandbreite PCM',1,'Wie Lautet die Formel für die Übertragungsbandbreite der PCM?<br>',0,7,'\0',6,12,'57',NULL,4,19,11,12,12);
INSERT INTO `question` (`id`, `date_added`, `date_changed`, `is_accepted_admin`, `is_accepted_author`, `is_accepted_rewiever`, `is_forced_active`, `is_read_only`,  `question_short_name`, `question_sub_version`, `question_text`, `question_version`, `status`, `submit_to_review_comitee`, `version`, `autor`, `comment`, `previous_version`, `quest_event`, `question_type`, `rewiewer`, `created_by`, `modified_by`) VALUES (24,'2013-10-03 15:56:25',NULL,'','','','\0','\0','Linear Predictive Coding',0,'Linear Predictive Coding ist ein Verfahren zur Sprachübertragung, welches in der Mobilkommunikation verwendet wird. Wie funktioniert es und wo wird die übertragene Datenmenge eingespart?<br>',0,6,'\0',6,12,'64',NULL,4,19,11,12,11);
INSERT INTO `question` (`id`, `date_added`, `date_changed`, `is_accepted_admin`, `is_accepted_author`, `is_accepted_rewiever`, `is_forced_active`, `is_read_only`,  `question_short_name`, `question_sub_version`, `question_text`, `question_version`, `status`, `submit_to_review_comitee`, `version`, `autor`, `comment`, `previous_version`, `quest_event`, `question_type`, `rewiewer`, `created_by`, `modified_by`) VALUES (25,'2013-10-03 16:08:49',NULL,'','','','\0','\0','AD-Wandler',0,'Weshalb werden A/D-Wandler oft mit der Sigma-Delta-Modulationsmethode implementiert?<br>',0,6,'\0',6,12,'71',NULL,4,5,11,12,11);
INSERT INTO `question` (`id`, `date_added`, `date_changed`, `is_accepted_admin`, `is_accepted_author`, `is_accepted_rewiever`, `is_forced_active`, `is_read_only`,  `question_short_name`, `question_sub_version`, `question_text`, `question_version`, `status`, `submit_to_review_comitee`, `version`, `autor`, `comment`, `previous_version`, `quest_event`, `question_type`, `rewiewer`, `created_by`, `modified_by`) VALUES (26,'2013-10-03 16:14:39',NULL,'','','','\0','\0','Ideale Hilbert-Transformation',0,'Welches sind Eigentschaften der idealen Hilberttransformation?<br>',0,6,'\0',2,12,'77',NULL,4,5,11,12,11);
INSERT INTO `question` (`id`, `date_added`, `date_changed`, `is_accepted_admin`, `is_accepted_author`, `is_accepted_rewiever`, `is_forced_active`, `is_read_only`,  `question_short_name`, `question_sub_version`, `question_text`, `question_version`, `status`, `submit_to_review_comitee`, `version`, `autor`, `comment`, `previous_version`, `quest_event`, `question_type`, `rewiewer`, `created_by`, `modified_by`) VALUES (27,'2013-10-03 16:29:18','2013-10-03 16:47:08','','','','\0','\0','Empfindlichkeit Sinnesorgane',1,'Welches Sinnesorgan ist wie empfindlich gegen welche Art von Verzerrungen?<br>',0,6,'\0',3,12,'83',NULL,4,21,11,12,11);
INSERT INTO `question` (`id`, `date_added`, `date_changed`, `is_accepted_admin`, `is_accepted_author`, `is_accepted_rewiever`, `is_forced_active`, `is_read_only`,  `question_short_name`, `question_sub_version`, `question_text`, `question_version`, `status`, `submit_to_review_comitee`, `version`, `autor`, `comment`, `previous_version`, `quest_event`, `question_type`, `rewiewer`, `created_by`, `modified_by`) VALUES (28,'2013-10-03 16:38:29','2013-10-03 16:54:05','','','','\0','\0','Trägersynchronisation ',1,'Anforderung an die Trägersynchronisation für verschiedene Signale:<br>',0,6,'\0',3,12,'91',NULL,4,21,11,12,11);
INSERT INTO `question` (`id`, `date_added`, `date_changed`, `is_accepted_admin`, `is_accepted_author`, `is_accepted_rewiever`, `is_forced_active`, `is_read_only`,  `question_short_name`, `question_sub_version`, `question_text`, `question_version`, `status`, `submit_to_review_comitee`, `version`, `autor`, `comment`, `previous_version`, `quest_event`, `question_type`, `rewiewer`, `created_by`, `modified_by`) VALUES (29,'2013-10-03 17:20:27',NULL,'','','','\0','\0','Typisches Spektrum',0,'Für Welche Modulationsart ist das im Bild gezeigte Spektrum typisch?<br>',0,6,'\0',2,12,'98',NULL,4,20,11,12,11);
INSERT INTO `question` (`id`, `date_added`, `date_changed`, `is_accepted_admin`, `is_accepted_author`, `is_accepted_rewiever`, `is_forced_active`, `is_read_only`,  `question_short_name`, `question_sub_version`, `question_text`, `question_version`, `status`, `submit_to_review_comitee`, `version`, `autor`, `comment`, `previous_version`, `quest_event`, `question_type`, `rewiewer`, `created_by`, `modified_by`) VALUES (30,'2013-10-03 17:41:26','2013-10-24 15:33:32','','\0','','\0','\0','PSK_Spektrum',1,'Welche der gezeigten Signale könnten PSK-Signale sein?<br>',0,7,'\0',4,12,'105',NULL,4,22,11,12,12);
INSERT INTO `question` (`id`, `date_added`, `date_changed`, `is_accepted_admin`, `is_accepted_author`, `is_accepted_rewiever`, `is_forced_active`, `is_read_only`,  `question_short_name`, `question_sub_version`, `question_text`, `question_version`, `status`, `submit_to_review_comitee`, `version`, `autor`, `comment`, `previous_version`, `quest_event`, `question_type`, `rewiewer`, `created_by`, `modified_by`) VALUES (31,'2013-10-03 17:56:59',NULL,'','','','\0','\0','AFSK-Empfänger',0,'Beschriften Sie das Blockschaltbild des AFSK-Empfängers richtig.<br>',0,6,'\0',2,12,'110',NULL,4,23,11,12,8);
INSERT INTO `question` (`id`, `date_added`, `date_changed`, `is_accepted_admin`, `is_accepted_author`, `is_accepted_rewiever`, `is_forced_active`, `is_read_only`,  `question_short_name`, `question_sub_version`, `question_text`, `question_version`, `status`, `submit_to_review_comitee`, `version`, `autor`, `comment`, `previous_version`, `quest_event`, `question_type`, `rewiewer`, `created_by`, `modified_by`) VALUES (32,'2013-10-03 18:08:08',NULL,'','','','\0','\0','Show Homers Nose',0,'Show Homers Nose',0,6,'\0',2,12,'116',NULL,4,25,11,12,8);
INSERT INTO `question` (`id`, `date_added`, `date_changed`, `is_accepted_admin`, `is_accepted_author`, `is_accepted_rewiever`, `is_forced_active`, `is_read_only`,  `question_short_name`, `question_sub_version`, `question_text`, `question_version`, `status`, `submit_to_review_comitee`, `version`, `autor`, `comment`, `previous_version`, `quest_event`, `question_type`, `rewiewer`, `created_by`, `modified_by`) VALUES (33,'2013-10-03 18:11:40','2013-10-03 18:12:42','','','','\0','\0','Explain something',1,'Explain something.<br>',0,6,'\0',3,12,'119',NULL,4,26,11,12,8);
INSERT INTO `question` (`id`, `date_added`, `date_changed`, `is_accepted_admin`, `is_accepted_author`, `is_accepted_rewiever`, `is_forced_active`, `is_read_only`,  `question_short_name`, `question_sub_version`, `question_text`, `question_version`, `status`, `submit_to_review_comitee`, `version`, `autor`, `comment`, `previous_version`, `quest_event`, `question_type`, `rewiewer`, `created_by`, `modified_by`) VALUES (34,'2013-10-21 09:53:38',NULL,'','\0','\0','\0','\0','',0,'1. Markieren Sie die Räder.<br>2. Markieren Sie den Boden.<br>3. Markieren Sie den Himmel.<br>',0,7,'\0',1,4,'121',NULL,2,23,11,2,2);
INSERT INTO `question` (`id`, `date_added`, `date_changed`, `is_accepted_admin`, `is_accepted_author`, `is_accepted_rewiever`, `is_forced_active`, `is_read_only`,  `question_short_name`, `question_sub_version`, `question_text`, `question_version`, `status`, `submit_to_review_comitee`, `version`, `autor`, `comment`, `previous_version`, `quest_event`, `question_type`, `rewiewer`, `created_by`, `modified_by`) VALUES (35,'2013-10-21 10:01:05',NULL,'','\0','\0','\0','\0','',0,'Zeigen Sie die Vorderräder<br>',0,7,'\0',1,4,'125',NULL,2,25,11,2,2);
INSERT INTO `question` (`id`, `date_added`, `date_changed`, `is_accepted_admin`, `is_accepted_author`, `is_accepted_rewiever`, `is_forced_active`, `is_read_only`,  `question_short_name`, `question_sub_version`, `question_text`, `question_version`, `status`, `submit_to_review_comitee`, `version`, `autor`, `comment`, `previous_version`, `quest_event`, `question_type`, `rewiewer`, `created_by`, `modified_by`) VALUES (36,'2013-10-24 16:06:34',NULL,'','','','\0','\0','PSK-Signal',0,'Welche der gezeigten Signale könnten PSK-Signale sein?<br>',1,6,'\0',3,12,'127',30,4,22,11,12,8);
INSERT INTO `question` (`id`, `date_added`, `date_changed`, `is_accepted_admin`, `is_accepted_author`, `is_accepted_rewiever`, `is_forced_active`, `is_read_only`,  `question_short_name`, `question_sub_version`, `question_text`, `question_version`, `status`, `submit_to_review_comitee`, `version`, `autor`, `comment`, `previous_version`, `quest_event`, `question_type`, `rewiewer`, `created_by`, `modified_by`) VALUES (37,'2013-10-29 10:10:33',NULL,'','','','\0','\0','Übertragungsbandbreite PCM',0,'Wie Lautet die Formel für die Übertragungsbandbreite der PCM?<br>',1,6,'\0',3,12,'132',23,4,19,11,12,11);
INSERT INTO `question` (`id`, `date_added`, `date_changed`, `is_accepted_admin`, `is_accepted_author`, `is_accepted_rewiever`, `is_forced_active`, `is_read_only`,  `question_short_name`, `question_sub_version`, `question_text`, `question_version`, `status`, `submit_to_review_comitee`, `version`, `autor`, `comment`, `previous_version`, `quest_event`, `question_type`, `rewiewer`, `created_by`, `modified_by`) VALUES (38,'2013-12-19 15:00:07',NULL,'','\0','\0','\0','\0','',0,'Test',0,0,'\0',0,5,' ',NULL,3,5,11,2,NULL);

INSERT INTO `answer` (`id`, `additional_keywords`, `answer_text`, `date_added`, `date_changed`, `is_answer_accepted_admin`, `is_answer_accepted_autor`, `is_answer_accepted_review_wahrer`, `is_media`, `media_path`, `points`, `sequence_number`, `status`, `submit_to_review_comitee`, `validity`, `version`, `autor`, `comment`, `question`, `rewiewer`, `is_forced_active`, `created_by`, `modified_by`) VALUES (1,NULL,'Wie lautet diese Testfrage?<br>','2013-07-23 14:40:28',NULL,'\0','\0','\0','\0',NULL,NULL,NULL,0,'\0',0,0,1,'2',1,3,'\0',NULL,NULL);
INSERT INTO `answer` (`id`, `additional_keywords`, `answer_text`, `date_added`, `date_changed`, `is_answer_accepted_admin`, `is_answer_accepted_autor`, `is_answer_accepted_review_wahrer`, `is_media`, `media_path`, `points`, `sequence_number`, `status`, `submit_to_review_comitee`, `validity`, `version`, `autor`, `comment`, `question`, `rewiewer`, `is_forced_active`, `created_by`, `modified_by`) VALUES (2,NULL,'Paracetamol<br>','2013-07-24 11:29:38',NULL,'','\0','','\0',NULL,NULL,NULL,6,'\0',0,2,1,'7',2,1,'\0',NULL,NULL);
INSERT INTO `answer` (`id`, `additional_keywords`, `answer_text`, `date_added`, `date_changed`, `is_answer_accepted_admin`, `is_answer_accepted_autor`, `is_answer_accepted_review_wahrer`, `is_media`, `media_path`, `points`, `sequence_number`, `status`, `submit_to_review_comitee`, `validity`, `version`, `autor`, `comment`, `question`, `rewiewer`, `is_forced_active`, `created_by`, `modified_by`) VALUES (3,NULL,'Actirum','2013-07-24 11:29:58',NULL,'','\0','','\0',NULL,NULL,NULL,6,'\0',1,2,1,'8',2,1,'\0',NULL,NULL);
INSERT INTO `answer` (`id`, `additional_keywords`, `answer_text`, `date_added`, `date_changed`, `is_answer_accepted_admin`, `is_answer_accepted_autor`, `is_answer_accepted_review_wahrer`, `is_media`, `media_path`, `points`, `sequence_number`, `status`, `submit_to_review_comitee`, `validity`, `version`, `autor`, `comment`, `question`, `rewiewer`, `is_forced_active`, `created_by`, `modified_by`) VALUES (4,NULL,'Seamonkey','2013-07-24 11:30:50',NULL,'','\0','','\0',NULL,NULL,NULL,6,'\0',1,2,1,'9',2,1,'\0',NULL,NULL);
INSERT INTO `answer` (`id`, `additional_keywords`, `answer_text`, `date_added`, `date_changed`, `is_answer_accepted_admin`, `is_answer_accepted_autor`, `is_answer_accepted_review_wahrer`, `is_media`, `media_path`, `points`, `sequence_number`, `status`, `submit_to_review_comitee`, `validity`, `version`, `autor`, `comment`, `question`, `rewiewer`, `is_forced_active`, `created_by`, `modified_by`) VALUES (5,NULL,'Seamonkey','2013-07-24 11:31:09',NULL,'\0','\0','\0','\0',NULL,NULL,NULL,7,'\0',0,1,1,'10',2,1,'\0',NULL,NULL);
INSERT INTO `answer` (`id`, `additional_keywords`, `answer_text`, `date_added`, `date_changed`, `is_answer_accepted_admin`, `is_answer_accepted_autor`, `is_answer_accepted_review_wahrer`, `is_media`, `media_path`, `points`, `sequence_number`, `status`, `submit_to_review_comitee`, `validity`, `version`, `autor`, `comment`, `question`, `rewiewer`, `is_forced_active`, `created_by`, `modified_by`) VALUES (6,NULL,'Dönermol','2013-07-24 11:35:11',NULL,'\0','\0','\0','\0',NULL,NULL,NULL,7,'\0',1,1,1,'11',2,3,'\0',NULL,NULL);
INSERT INTO `answer` (`id`, `additional_keywords`, `answer_text`, `date_added`, `date_changed`, `is_answer_accepted_admin`, `is_answer_accepted_autor`, `is_answer_accepted_review_wahrer`, `is_media`, `media_path`, `points`, `sequence_number`, `status`, `submit_to_review_comitee`, `validity`, `version`, `autor`, `comment`, `question`, `rewiewer`, `is_forced_active`, `created_by`, `modified_by`) VALUES (7,NULL,'Aspirin','2013-07-24 11:36:54',NULL,'\0','\0','','\0',NULL,NULL,NULL,7,'\0',1,2,1,'12',2,1,'\0',NULL,NULL);
INSERT INTO `answer` (`id`, `additional_keywords`, `answer_text`, `date_added`, `date_changed`, `is_answer_accepted_admin`, `is_answer_accepted_autor`, `is_answer_accepted_review_wahrer`, `is_media`, `media_path`, `points`, `sequence_number`, `status`, `submit_to_review_comitee`, `validity`, `version`, `autor`, `comment`, `question`, `rewiewer`, `is_forced_active`, `created_by`, `modified_by`) VALUES (8,NULL,'Paracetamol','2013-07-24 11:41:09',NULL,'','\0','','\0',NULL,NULL,NULL,6,'\0',0,2,1,'13',5,3,'\0',NULL,NULL);
INSERT INTO `answer` (`id`, `additional_keywords`, `answer_text`, `date_added`, `date_changed`, `is_answer_accepted_admin`, `is_answer_accepted_autor`, `is_answer_accepted_review_wahrer`, `is_media`, `media_path`, `points`, `sequence_number`, `status`, `submit_to_review_comitee`, `validity`, `version`, `autor`, `comment`, `question`, `rewiewer`, `is_forced_active`, `created_by`, `modified_by`) VALUES (9,NULL,'Actium','2013-07-24 11:41:19',NULL,'','\0','','\0',NULL,NULL,NULL,6,'\0',1,2,1,'14',5,3,'\0',NULL,NULL);
INSERT INTO `answer` (`id`, `additional_keywords`, `answer_text`, `date_added`, `date_changed`, `is_answer_accepted_admin`, `is_answer_accepted_autor`, `is_answer_accepted_review_wahrer`, `is_media`, `media_path`, `points`, `sequence_number`, `status`, `submit_to_review_comitee`, `validity`, `version`, `autor`, `comment`, `question`, `rewiewer`, `is_forced_active`, `created_by`, `modified_by`) VALUES (10,NULL,'Aspirin','2013-07-24 11:41:29',NULL,'','\0','','\0',NULL,NULL,NULL,6,'\0',1,2,1,'15',5,3,'\0',NULL,NULL);
INSERT INTO `answer` (`id`, `additional_keywords`, `answer_text`, `date_added`, `date_changed`, `is_answer_accepted_admin`, `is_answer_accepted_autor`, `is_answer_accepted_review_wahrer`, `is_media`, `media_path`, `points`, `sequence_number`, `status`, `submit_to_review_comitee`, `validity`, `version`, `autor`, `comment`, `question`, `rewiewer`, `is_forced_active`, `created_by`, `modified_by`) VALUES (11,NULL,'Lithium','2013-07-24 11:41:47',NULL,'','\0','','\0',NULL,NULL,NULL,6,'\0',1,2,1,'16',5,3,'\0',NULL,NULL);
INSERT INTO `answer` (`id`, `additional_keywords`, `answer_text`, `date_added`, `date_changed`, `is_answer_accepted_admin`, `is_answer_accepted_autor`, `is_answer_accepted_review_wahrer`, `is_media`, `media_path`, `points`, `sequence_number`, `status`, `submit_to_review_comitee`, `validity`, `version`, `autor`, `comment`, `question`, `rewiewer`, `is_forced_active`, `created_by`, `modified_by`) VALUES (12,NULL,'Test','2013-07-24 11:42:44',NULL,'\0','\0','','\0',NULL,NULL,NULL,7,'\0',1,2,1,'17',5,3,'\0',NULL,NULL);
INSERT INTO `answer` (`id`, `additional_keywords`, `answer_text`, `date_added`, `date_changed`, `is_answer_accepted_admin`, `is_answer_accepted_autor`, `is_answer_accepted_review_wahrer`, `is_media`, `media_path`, `points`, `sequence_number`, `status`, `submit_to_review_comitee`, `validity`, `version`, `autor`, `comment`, `question`, `rewiewer`, `is_forced_active`, `created_by`, `modified_by`) VALUES (13,NULL,'Antwort I<br>','2013-07-24 11:45:02',NULL,'','\0','','\0',NULL,NULL,NULL,6,'\0',0,2,1,'18',4,3,'\0',NULL,NULL);
INSERT INTO `answer` (`id`, `additional_keywords`, `answer_text`, `date_added`, `date_changed`, `is_answer_accepted_admin`, `is_answer_accepted_autor`, `is_answer_accepted_review_wahrer`, `is_media`, `media_path`, `points`, `sequence_number`, `status`, `submit_to_review_comitee`, `validity`, `version`, `autor`, `comment`, `question`, `rewiewer`, `is_forced_active`, `created_by`, `modified_by`) VALUES (14,NULL,'Antwort II<br>','2013-07-24 11:45:15',NULL,'','\0','','\0',NULL,NULL,NULL,6,'\0',0,2,1,'19',4,3,'\0',NULL,NULL);
INSERT INTO `answer` (`id`, `additional_keywords`, `answer_text`, `date_added`, `date_changed`, `is_answer_accepted_admin`, `is_answer_accepted_autor`, `is_answer_accepted_review_wahrer`, `is_media`, `media_path`, `points`, `sequence_number`, `status`, `submit_to_review_comitee`, `validity`, `version`, `autor`, `comment`, `question`, `rewiewer`, `is_forced_active`, `created_by`, `modified_by`) VALUES (15,NULL,'Antwort III<br>','2013-07-24 11:45:26',NULL,'','\0','','\0',NULL,NULL,NULL,6,'\0',0,2,1,'20',4,3,'\0',NULL,NULL);
INSERT INTO `answer` (`id`, `additional_keywords`, `answer_text`, `date_added`, `date_changed`, `is_answer_accepted_admin`, `is_answer_accepted_autor`, `is_answer_accepted_review_wahrer`, `is_media`, `media_path`, `points`, `sequence_number`, `status`, `submit_to_review_comitee`, `validity`, `version`, `autor`, `comment`, `question`, `rewiewer`, `is_forced_active`, `created_by`, `modified_by`) VALUES (16,NULL,'Antwort IV<br>','2013-07-24 11:45:36',NULL,'','\0','','\0',NULL,NULL,NULL,6,'\0',0,2,1,'21',4,3,'\0',NULL,NULL);
INSERT INTO `answer` (`id`, `additional_keywords`, `answer_text`, `date_added`, `date_changed`, `is_answer_accepted_admin`, `is_answer_accepted_autor`, `is_answer_accepted_review_wahrer`, `is_media`, `media_path`, `points`, `sequence_number`, `status`, `submit_to_review_comitee`, `validity`, `version`, `autor`, `comment`, `question`, `rewiewer`, `is_forced_active`, `created_by`, `modified_by`) VALUES (17,NULL,'Antwort 5<br>','2013-07-24 11:45:50',NULL,'\0','\0','','\0',NULL,NULL,NULL,7,'\0',1,2,1,'22',4,3,'\0',NULL,NULL);
INSERT INTO `answer` (`id`, `additional_keywords`, `answer_text`, `date_added`, `date_changed`, `is_answer_accepted_admin`, `is_answer_accepted_autor`, `is_answer_accepted_review_wahrer`, `is_media`, `media_path`, `points`, `sequence_number`, `status`, `submit_to_review_comitee`, `validity`, `version`, `autor`, `comment`, `question`, `rewiewer`, `is_forced_active`, `created_by`, `modified_by`) VALUES (18,NULL,'Test I<br>','2013-07-24 11:53:22',NULL,'','\0','','\0',NULL,NULL,NULL,6,'\0',0,2,1,'24',6,1,'\0',NULL,NULL);
INSERT INTO `answer` (`id`, `additional_keywords`, `answer_text`, `date_added`, `date_changed`, `is_answer_accepted_admin`, `is_answer_accepted_autor`, `is_answer_accepted_review_wahrer`, `is_media`, `media_path`, `points`, `sequence_number`, `status`, `submit_to_review_comitee`, `validity`, `version`, `autor`, `comment`, `question`, `rewiewer`, `is_forced_active`, `created_by`, `modified_by`) VALUES (19,NULL,'Test II<br>','2013-07-24 11:53:31',NULL,'\0','\0','\0','\0',NULL,NULL,NULL,7,'\0',0,1,1,'25',6,1,'\0',NULL,NULL);
INSERT INTO `answer` (`id`, `additional_keywords`, `answer_text`, `date_added`, `date_changed`, `is_answer_accepted_admin`, `is_answer_accepted_autor`, `is_answer_accepted_review_wahrer`, `is_media`, `media_path`, `points`, `sequence_number`, `status`, `submit_to_review_comitee`, `validity`, `version`, `autor`, `comment`, `question`, `rewiewer`, `is_forced_active`, `created_by`, `modified_by`) VALUES (20,NULL,'Test III<br>','2013-07-24 11:53:43',NULL,'\0','\0','\0','\0',NULL,NULL,NULL,7,'\0',0,1,1,'26',6,1,'\0',NULL,NULL);
INSERT INTO `answer` (`id`, `additional_keywords`, `answer_text`, `date_added`, `date_changed`, `is_answer_accepted_admin`, `is_answer_accepted_autor`, `is_answer_accepted_review_wahrer`, `is_media`, `media_path`, `points`, `sequence_number`, `status`, `submit_to_review_comitee`, `validity`, `version`, `autor`, `comment`, `question`, `rewiewer`, `is_forced_active`, `created_by`, `modified_by`) VALUES (21,NULL,'Test II<br>','2013-07-24 11:56:06',NULL,'\0','\0','','\0',NULL,NULL,NULL,7,'\0',1,2,1,'27',6,3,'\0',NULL,NULL);
INSERT INTO `answer` (`id`, `additional_keywords`, `answer_text`, `date_added`, `date_changed`, `is_answer_accepted_admin`, `is_answer_accepted_autor`, `is_answer_accepted_review_wahrer`, `is_media`, `media_path`, `points`, `sequence_number`, `status`, `submit_to_review_comitee`, `validity`, `version`, `autor`, `comment`, `question`, `rewiewer`, `is_forced_active`, `created_by`, `modified_by`) VALUES (22,NULL,'Test III<br>','2013-07-24 11:56:20',NULL,'','\0','','\0',NULL,NULL,NULL,6,'\0',1,2,1,'28',6,3,'\0',NULL,NULL);
INSERT INTO `answer` (`id`, `additional_keywords`, `answer_text`, `date_added`, `date_changed`, `is_answer_accepted_admin`, `is_answer_accepted_autor`, `is_answer_accepted_review_wahrer`, `is_media`, `media_path`, `points`, `sequence_number`, `status`, `submit_to_review_comitee`, `validity`, `version`, `autor`, `comment`, `question`, `rewiewer`, `is_forced_active`, `created_by`, `modified_by`) VALUES (23,NULL,'Test IV<br>','2013-07-24 11:56:30',NULL,'\0','\0','\0','\0',NULL,NULL,NULL,7,'\0',1,1,1,'29',6,3,'\0',NULL,NULL);
INSERT INTO `answer` (`id`, `additional_keywords`, `answer_text`, `date_added`, `date_changed`, `is_answer_accepted_admin`, `is_answer_accepted_autor`, `is_answer_accepted_review_wahrer`, `is_media`, `media_path`, `points`, `sequence_number`, `status`, `submit_to_review_comitee`, `validity`, `version`, `autor`, `comment`, `question`, `rewiewer`, `is_forced_active`, `created_by`, `modified_by`) VALUES (24,NULL,'Testbyunprivile<br>','2013-07-26 14:34:53',NULL,'','\0','\0','\0',NULL,NULL,NULL,4,'\0',0,1,3,'31',4,3,'\0',NULL,NULL);
INSERT INTO `answer` (`id`, `additional_keywords`, `answer_text`, `date_added`, `date_changed`, `is_answer_accepted_admin`, `is_answer_accepted_autor`, `is_answer_accepted_review_wahrer`, `is_media`, `media_path`, `points`, `sequence_number`, `status`, `submit_to_review_comitee`, `validity`, `version`, `autor`, `comment`, `question`, `rewiewer`, `is_forced_active`, `created_by`, `modified_by`) VALUES (25,NULL,'y(t) = y(t - T)<br>','2013-08-06 11:34:22',NULL,'','\0','','\0',NULL,NULL,NULL,6,'\0',0,2,4,'37',12,5,'\0',NULL,NULL);
INSERT INTO `answer` (`id`, `additional_keywords`, `answer_text`, `date_added`, `date_changed`, `is_answer_accepted_admin`, `is_answer_accepted_autor`, `is_answer_accepted_review_wahrer`, `is_media`, `media_path`, `points`, `sequence_number`, `status`, `submit_to_review_comitee`, `validity`, `version`, `autor`, `comment`, `question`, `rewiewer`, `is_forced_active`, `created_by`, `modified_by`) VALUES (26,NULL,'Test','2013-08-06 11:34:33',NULL,'','\0','','\0',NULL,NULL,NULL,6,'\0',1,2,4,'38',12,5,'\0',NULL,NULL);
INSERT INTO `answer` (`id`, `additional_keywords`, `answer_text`, `date_added`, `date_changed`, `is_answer_accepted_admin`, `is_answer_accepted_autor`, `is_answer_accepted_review_wahrer`, `is_media`, `media_path`, `points`, `sequence_number`, `status`, `submit_to_review_comitee`, `validity`, `version`, `autor`, `comment`, `question`, `rewiewer`, `is_forced_active`, `created_by`, `modified_by`) VALUES (31,NULL,'0123456789012345678','2013-08-26 14:38:28',NULL,'\0','\0','\0','\0',NULL,NULL,NULL,0,'\0',0,0,1,'46',15,3,'\0',NULL,NULL);
INSERT INTO `answer` (`id`, `additional_keywords`, `answer_text`, `date_added`, `date_changed`, `is_answer_accepted_admin`, `is_answer_accepted_autor`, `is_answer_accepted_review_wahrer`, `is_media`, `media_path`, `points`, `sequence_number`, `status`, `submit_to_review_comitee`, `validity`, `version`, `autor`, `comment`, `question`, `rewiewer`, `is_forced_active`, `created_by`, `modified_by`) VALUES (32,NULL,'','2013-09-19 12:58:57',NULL,'','','\0','','download/media/image/78526be8-6d50-4e3f-9be8-6994d7c75552_vstpluglogo_small.jpg',NULL,NULL,6,'\0',0,2,1,'49',17,3,'',2,2);
INSERT INTO `answer` (`id`, `additional_keywords`, `answer_text`, `date_added`, `date_changed`, `is_answer_accepted_admin`, `is_answer_accepted_autor`, `is_answer_accepted_review_wahrer`, `is_media`, `media_path`, `points`, `sequence_number`, `status`, `submit_to_review_comitee`, `validity`, `version`, `autor`, `comment`, `question`, `rewiewer`, `is_forced_active`, `created_by`, `modified_by`) VALUES (33,NULL,'Test','2013-09-19 12:59:44',NULL,'','\0','','\0',NULL,NULL,NULL,6,'\0',1,2,1,'50',7,3,'',2,2);
INSERT INTO `answer` (`id`, `additional_keywords`, `answer_text`, `date_added`, `date_changed`, `is_answer_accepted_admin`, `is_answer_accepted_autor`, `is_answer_accepted_review_wahrer`, `is_media`, `media_path`, `points`, `sequence_number`, `status`, `submit_to_review_comitee`, `validity`, `version`, `autor`, `comment`, `question`, `rewiewer`, `is_forced_active`, `created_by`, `modified_by`) VALUES (34,NULL,'','2013-09-19 13:04:21',NULL,'','\0','\0','','download/media/image/a0c3bbfc-9e47-472f-b12f-66c04b3a8ec1_x-ray-of-brain.jpg',NULL,NULL,6,'\0',1,1,3,'51',17,1,'',2,2);
INSERT INTO `answer` (`id`, `additional_keywords`, `answer_text`, `date_added`, `date_changed`, `is_answer_accepted_admin`, `is_answer_accepted_autor`, `is_answer_accepted_review_wahrer`, `is_media`, `media_path`, `points`, `sequence_number`, `status`, `submit_to_review_comitee`, `validity`, `version`, `autor`, `comment`, `question`, `rewiewer`, `is_forced_active`, `created_by`, `modified_by`) VALUES (35,NULL,'\\[c \\cdot k \\cdot B_{a}\\cdot (1+r)\\]','2013-10-03 15:43:08',NULL,'','','','\0',NULL,NULL,NULL,6,'\0',1,2,12,'58',23,11,'\0',12,11);
INSERT INTO `answer` (`id`, `additional_keywords`, `answer_text`, `date_added`, `date_changed`, `is_answer_accepted_admin`, `is_answer_accepted_autor`, `is_answer_accepted_review_wahrer`, `is_media`, `media_path`, `points`, `sequence_number`, `status`, `submit_to_review_comitee`, `validity`, `version`, `autor`, `comment`, `question`, `rewiewer`, `is_forced_active`, `created_by`, `modified_by`) VALUES (36,NULL,'\\[c\\cdot k\\cdot B_{a}\\]','2013-10-03 15:44:08',NULL,'','','','\0',NULL,NULL,NULL,6,'\0',0,2,12,'59',23,11,'\0',12,11);
INSERT INTO `answer` (`id`, `additional_keywords`, `answer_text`, `date_added`, `date_changed`, `is_answer_accepted_admin`, `is_answer_accepted_autor`, `is_answer_accepted_review_wahrer`, `is_media`, `media_path`, `points`, `sequence_number`, `status`, `submit_to_review_comitee`, `validity`, `version`, `autor`, `comment`, `question`, `rewiewer`, `is_forced_active`, `created_by`, `modified_by`) VALUES (37,NULL,'\\[B_{a}\\cdot B_{PCM} \\cdot a\\]','2013-10-03 15:51:34',NULL,'','','','\0',NULL,NULL,NULL,6,'\0',1,2,12,'60',23,11,'\0',12,11);
INSERT INTO `answer` (`id`, `additional_keywords`, `answer_text`, `date_added`, `date_changed`, `is_answer_accepted_admin`, `is_answer_accepted_autor`, `is_answer_accepted_review_wahrer`, `is_media`, `media_path`, `points`, `sequence_number`, `status`, `submit_to_review_comitee`, `validity`, `version`, `autor`, `comment`, `question`, `rewiewer`, `is_forced_active`, `created_by`, `modified_by`) VALUES (38,NULL,'\\[B_{a}\\cdot (1 + r)\\]','2013-10-03 15:52:15',NULL,'','','','\0',NULL,NULL,NULL,6,'\0',1,2,12,'61',23,11,'\0',12,11);
INSERT INTO `answer` (`id`, `additional_keywords`, `answer_text`, `date_added`, `date_changed`, `is_answer_accepted_admin`, `is_answer_accepted_autor`, `is_answer_accepted_review_wahrer`, `is_media`, `media_path`, `points`, `sequence_number`, `status`, `submit_to_review_comitee`, `validity`, `version`, `autor`, `comment`, `question`, `rewiewer`, `is_forced_active`, `created_by`, `modified_by`) VALUES (39,NULL,'\\[B_{a}\\cdot k \\cdot \\frac{1}{k\\cdot f_{A} }\\]','2013-10-03 15:53:35',NULL,'','','','\0',NULL,NULL,NULL,6,'\0',1,2,12,'62',23,11,'\0',12,11);
INSERT INTO `answer` (`id`, `additional_keywords`, `answer_text`, `date_added`, `date_changed`, `is_answer_accepted_admin`, `is_answer_accepted_autor`, `is_answer_accepted_review_wahrer`, `is_media`, `media_path`, `points`, `sequence_number`, `status`, `submit_to_review_comitee`, `validity`, `version`, `autor`, `comment`, `question`, `rewiewer`, `is_forced_active`, `created_by`, `modified_by`) VALUES (41,NULL,'Sprache wird mit regulären Audiokompressionsalgorithmen einer Irrelevanzreduktion unterzogen.<br>','2013-10-03 15:58:38',NULL,'','','','\0',NULL,NULL,NULL,6,'\0',1,2,12,'65',24,11,'\0',12,11);
INSERT INTO `answer` (`id`, `additional_keywords`, `answer_text`, `date_added`, `date_changed`, `is_answer_accepted_admin`, `is_answer_accepted_autor`, `is_answer_accepted_review_wahrer`, `is_media`, `media_path`, `points`, `sequence_number`, `status`, `submit_to_review_comitee`, `validity`, `version`, `autor`, `comment`, `question`, `rewiewer`, `is_forced_active`, `created_by`, `modified_by`) VALUES (42,NULL,'Sprache wird mit Audiokompressionsalgorithmen einer Irrelevanzreduktion unterzogen und dem Empfänger bereits bekannte Audioausschnitte werden mittels Fingerprinting identifiziert.<br>','2013-10-03 16:01:18',NULL,'','','','\0',NULL,NULL,NULL,6,'\0',1,2,12,'66',24,11,'\0',12,11);
INSERT INTO `answer` (`id`, `additional_keywords`, `answer_text`, `date_added`, `date_changed`, `is_answer_accepted_admin`, `is_answer_accepted_autor`, `is_answer_accepted_review_wahrer`, `is_media`, `media_path`, `points`, `sequence_number`, `status`, `submit_to_review_comitee`, `validity`, `version`, `autor`, `comment`, `question`, `rewiewer`, `is_forced_active`, `created_by`, `modified_by`) VALUES (43,NULL,'Auf den Endgeräten wird der menschliche Sprachtrakt modelliert. Mittels eines reduzierten Sets an Kontrollparametern für diesen Synthesizer kann die Irrelevanz reduziert werden.<br>','2013-10-03 16:02:56',NULL,'','','','\0',NULL,NULL,NULL,6,'\0',0,2,12,'67',24,11,'\0',12,11);
INSERT INTO `answer` (`id`, `additional_keywords`, `answer_text`, `date_added`, `date_changed`, `is_answer_accepted_admin`, `is_answer_accepted_autor`, `is_answer_accepted_review_wahrer`, `is_media`, `media_path`, `points`, `sequence_number`, `status`, `submit_to_review_comitee`, `validity`, `version`, `autor`, `comment`, `question`, `rewiewer`, `is_forced_active`, `created_by`, `modified_by`) VALUES (44,NULL,'Eine falsche Antwort.<br>','2013-10-03 16:03:15',NULL,'','','','\0',NULL,NULL,NULL,6,'\0',1,2,12,'68',24,11,'\0',12,11);
INSERT INTO `answer` (`id`, `additional_keywords`, `answer_text`, `date_added`, `date_changed`, `is_answer_accepted_admin`, `is_answer_accepted_autor`, `is_answer_accepted_review_wahrer`, `is_media`, `media_path`, `points`, `sequence_number`, `status`, `submit_to_review_comitee`, `validity`, `version`, `autor`, `comment`, `question`, `rewiewer`, `is_forced_active`, `created_by`, `modified_by`) VALUES (45,NULL,'Die Daten werden bei LPC durch den Lempel-Ziv-Algorithmus komprimiert<br>','2013-10-03 16:03:52',NULL,'','','','\0',NULL,NULL,NULL,6,'\0',1,2,12,'69',24,11,'\0',12,11);
INSERT INTO `answer` (`id`, `additional_keywords`, `answer_text`, `date_added`, `date_changed`, `is_answer_accepted_admin`, `is_answer_accepted_autor`, `is_answer_accepted_review_wahrer`, `is_media`, `media_path`, `points`, `sequence_number`, `status`, `submit_to_review_comitee`, `validity`, `version`, `autor`, `comment`, `question`, `rewiewer`, `is_forced_active`, `created_by`, `modified_by`) VALUES (46,NULL,'Eine sechste (!) Antwort.<br>','2013-10-03 16:04:11',NULL,'','','','\0',NULL,NULL,NULL,6,'\0',1,2,12,'70',24,11,'\0',12,11);
INSERT INTO `answer` (`id`, `additional_keywords`, `answer_text`, `date_added`, `date_changed`, `is_answer_accepted_admin`, `is_answer_accepted_autor`, `is_answer_accepted_review_wahrer`, `is_media`, `media_path`, `points`, `sequence_number`, `status`, `submit_to_review_comitee`, `validity`, `version`, `autor`, `comment`, `question`, `rewiewer`, `is_forced_active`, `created_by`, `modified_by`) VALUES (47,NULL,'Es wird kein steilflankiges Anti-Aliasing-Filter mehr benötigt.<br>','2013-10-03 16:09:26',NULL,'','','','\0',NULL,NULL,NULL,6,'\0',0,2,12,'72',25,11,'\0',12,11);
INSERT INTO `answer` (`id`, `additional_keywords`, `answer_text`, `date_added`, `date_changed`, `is_answer_accepted_admin`, `is_answer_accepted_autor`, `is_answer_accepted_review_wahrer`, `is_media`, `media_path`, `points`, `sequence_number`, `status`, `submit_to_review_comitee`, `validity`, `version`, `autor`, `comment`, `question`, `rewiewer`, `is_forced_active`, `created_by`, `modified_by`) VALUES (48,NULL,'Es wird nur ein steilflankiges Anti-Aliasingfilter benötigt.<br>','2013-10-03 16:09:51',NULL,'','','','\0',NULL,NULL,NULL,6,'\0',1,2,12,'73',25,11,'\0',12,11);
INSERT INTO `answer` (`id`, `additional_keywords`, `answer_text`, `date_added`, `date_changed`, `is_answer_accepted_admin`, `is_answer_accepted_autor`, `is_answer_accepted_review_wahrer`, `is_media`, `media_path`, `points`, `sequence_number`, `status`, `submit_to_review_comitee`, `validity`, `version`, `autor`, `comment`, `question`, `rewiewer`, `is_forced_active`, `created_by`, `modified_by`) VALUES (49,NULL,'Durch das damit einhergehende Oversampling liegt ein grosser Teil des Quantisierungsrauschens überhalb der Nutzfrequenz<br>','2013-10-03 16:11:22',NULL,'','','','\0',NULL,NULL,NULL,6,'\0',0,2,12,'74',25,11,'\0',12,11);
INSERT INTO `answer` (`id`, `additional_keywords`, `answer_text`, `date_added`, `date_changed`, `is_answer_accepted_admin`, `is_answer_accepted_autor`, `is_answer_accepted_review_wahrer`, `is_media`, `media_path`, `points`, `sequence_number`, `status`, `submit_to_review_comitee`, `validity`, `version`, `autor`, `comment`, `question`, `rewiewer`, `is_forced_active`, `created_by`, `modified_by`) VALUES (50,NULL,'Sie sind einfach zu implementieren.<br>','2013-10-03 16:11:36',NULL,'','','','\0',NULL,NULL,NULL,6,'\0',0,2,12,'75',25,11,'\0',12,11);
INSERT INTO `answer` (`id`, `additional_keywords`, `answer_text`, `date_added`, `date_changed`, `is_answer_accepted_admin`, `is_answer_accepted_autor`, `is_answer_accepted_review_wahrer`, `is_media`, `media_path`, `points`, `sequence_number`, `status`, `submit_to_review_comitee`, `validity`, `version`, `autor`, `comment`, `question`, `rewiewer`, `is_forced_active`, `created_by`, `modified_by`) VALUES (51,NULL,'Eine fünfte, falsche Antwort.<br>','2013-10-03 16:12:38',NULL,'','','','\0',NULL,NULL,NULL,6,'\0',1,2,12,'76',25,11,'\0',12,11);
INSERT INTO `answer` (`id`, `additional_keywords`, `answer_text`, `date_added`, `date_changed`, `is_answer_accepted_admin`, `is_answer_accepted_autor`, `is_answer_accepted_review_wahrer`, `is_media`, `media_path`, `points`, `sequence_number`, `status`, `submit_to_review_comitee`, `validity`, `version`, `autor`, `comment`, `question`, `rewiewer`, `is_forced_active`, `created_by`, `modified_by`) VALUES (52,NULL,'\\[H_{H}(j\\omega) = -j\\cdot sign(\\omega)\\]','2013-10-03 16:16:37',NULL,'','','','\0',NULL,NULL,NULL,6,'\0',0,2,12,'78',26,11,'\0',12,11);
INSERT INTO `answer` (`id`, `additional_keywords`, `answer_text`, `date_added`, `date_changed`, `is_answer_accepted_admin`, `is_answer_accepted_autor`, `is_answer_accepted_review_wahrer`, `is_media`, `media_path`, `points`, `sequence_number`, `status`, `submit_to_review_comitee`, `validity`, `version`, `autor`, `comment`, `question`, `rewiewer`, `is_forced_active`, `created_by`, `modified_by`) VALUES (53,NULL,'\\[h_{H}(t) = \\begin{cases} \\frac{1}{\\pi t}; t\\neq 0 \\\\ 0; t = 0 \\end{cases}\\]','2013-10-03 16:22:59','2013-10-03 16:23:20','','','','\0',NULL,NULL,NULL,6,'\0',0,3,12,'79',26,11,'\0',12,11);
INSERT INTO `answer` (`id`, `additional_keywords`, `answer_text`, `date_added`, `date_changed`, `is_answer_accepted_admin`, `is_answer_accepted_autor`, `is_answer_accepted_review_wahrer`, `is_media`, `media_path`, `points`, `sequence_number`, `status`, `submit_to_review_comitee`, `validity`, `version`, `autor`, `comment`, `question`, `rewiewer`, `is_forced_active`, `created_by`, `modified_by`) VALUES (54,NULL,'Der Hilbert-Transformator ist ein breitbandiger 90° Phasenschieber<br>','2013-10-03 16:24:05',NULL,'','','','\0',NULL,NULL,NULL,6,'\0',0,2,12,'80',26,11,'\0',12,11);
INSERT INTO `answer` (`id`, `additional_keywords`, `answer_text`, `date_added`, `date_changed`, `is_answer_accepted_admin`, `is_answer_accepted_autor`, `is_answer_accepted_review_wahrer`, `is_media`, `media_path`, `points`, `sequence_number`, `status`, `submit_to_review_comitee`, `validity`, `version`, `autor`, `comment`, `question`, `rewiewer`, `is_forced_active`, `created_by`, `modified_by`) VALUES (55,NULL,'Der Hilbert-Transformator erzeugt die Quadraturjkomponente seines Eingangssignales.<br>','2013-10-03 16:24:38',NULL,'','','','\0',NULL,NULL,NULL,6,'\0',0,2,12,'81',26,11,'\0',12,11);
INSERT INTO `answer` (`id`, `additional_keywords`, `answer_text`, `date_added`, `date_changed`, `is_answer_accepted_admin`, `is_answer_accepted_autor`, `is_answer_accepted_review_wahrer`, `is_media`, `media_path`, `points`, `sequence_number`, `status`, `submit_to_review_comitee`, `validity`, `version`, `autor`, `comment`, `question`, `rewiewer`, `is_forced_active`, `created_by`, `modified_by`) VALUES (56,NULL,'Ist x(t) reell, wird ~x(t) komplexwertig.<br>','2013-10-03 16:25:23',NULL,'','','','\0',NULL,NULL,NULL,6,'\0',1,2,12,'82',26,11,'\0',12,11);
INSERT INTO `answer` (`id`, `additional_keywords`, `answer_text`, `date_added`, `date_changed`, `is_answer_accepted_admin`, `is_answer_accepted_autor`, `is_answer_accepted_review_wahrer`, `is_media`, `media_path`, `points`, `sequence_number`, `status`, `submit_to_review_comitee`, `validity`, `version`, `autor`, `comment`, `question`, `rewiewer`, `is_forced_active`, `created_by`, `modified_by`) VALUES (57,NULL,'Auge','2013-10-03 16:36:16','2013-10-03 16:36:52','','','','\0',NULL,NULL,NULL,6,'\0',0,3,12,'84',27,11,'\0',12,11);
INSERT INTO `answer` (`id`, `additional_keywords`, `answer_text`, `date_added`, `date_changed`, `is_answer_accepted_admin`, `is_answer_accepted_autor`, `is_answer_accepted_review_wahrer`, `is_media`, `media_path`, `points`, `sequence_number`, `status`, `submit_to_review_comitee`, `validity`, `version`, `autor`, `comment`, `question`, `rewiewer`, `is_forced_active`, `created_by`, `modified_by`) VALUES (58,NULL,'Auge','2013-10-03 16:36:16',NULL,'','','','\0',NULL,NULL,NULL,6,'\0',1,3,12,'85',27,11,'\0',12,11);
INSERT INTO `answer` (`id`, `additional_keywords`, `answer_text`, `date_added`, `date_changed`, `is_answer_accepted_admin`, `is_answer_accepted_autor`, `is_answer_accepted_review_wahrer`, `is_media`, `media_path`, `points`, `sequence_number`, `status`, `submit_to_review_comitee`, `validity`, `version`, `autor`, `comment`, `question`, `rewiewer`, `is_forced_active`, `created_by`, `modified_by`) VALUES (59,NULL,'Ohr','2013-10-03 16:36:16',NULL,'','','','\0',NULL,NULL,NULL,6,'\0',1,3,12,'86',27,11,'\0',12,11);
INSERT INTO `answer` (`id`, `additional_keywords`, `answer_text`, `date_added`, `date_changed`, `is_answer_accepted_admin`, `is_answer_accepted_autor`, `is_answer_accepted_review_wahrer`, `is_media`, `media_path`, `points`, `sequence_number`, `status`, `submit_to_review_comitee`, `validity`, `version`, `autor`, `comment`, `question`, `rewiewer`, `is_forced_active`, `created_by`, `modified_by`) VALUES (60,NULL,'empfindlich gegen Dämpfungsverzerrungen','2013-10-03 16:36:16','2013-10-03 16:36:52','','','','\0',NULL,NULL,NULL,6,'\0',0,3,12,'87',27,11,'\0',12,11);
INSERT INTO `answer` (`id`, `additional_keywords`, `answer_text`, `date_added`, `date_changed`, `is_answer_accepted_admin`, `is_answer_accepted_autor`, `is_answer_accepted_review_wahrer`, `is_media`, `media_path`, `points`, `sequence_number`, `status`, `submit_to_review_comitee`, `validity`, `version`, `autor`, `comment`, `question`, `rewiewer`, `is_forced_active`, `created_by`, `modified_by`) VALUES (61,NULL,'empfindlich gegen Laufzeitverzerrungen','2013-10-03 16:36:16','2013-10-03 16:36:52','','','','\0',NULL,NULL,NULL,6,'\0',0,3,12,'88',27,11,'\0',12,11);
INSERT INTO `answer` (`id`, `additional_keywords`, `answer_text`, `date_added`, `date_changed`, `is_answer_accepted_admin`, `is_answer_accepted_autor`, `is_answer_accepted_review_wahrer`, `is_media`, `media_path`, `points`, `sequence_number`, `status`, `submit_to_review_comitee`, `validity`, `version`, `autor`, `comment`, `question`, `rewiewer`, `is_forced_active`, `created_by`, `modified_by`) VALUES (62,NULL,'empfindlich auf nichtlineare Verzerrungen','2013-10-03 16:36:16','2013-10-03 16:36:52','','','','\0',NULL,NULL,NULL,6,'\0',1,3,12,'89',27,11,'\0',12,11);
INSERT INTO `answer` (`id`, `additional_keywords`, `answer_text`, `date_added`, `date_changed`, `is_answer_accepted_admin`, `is_answer_accepted_autor`, `is_answer_accepted_review_wahrer`, `is_media`, `media_path`, `points`, `sequence_number`, `status`, `submit_to_review_comitee`, `validity`, `version`, `autor`, `comment`, `question`, `rewiewer`, `is_forced_active`, `created_by`, `modified_by`) VALUES (63,NULL,'Ohr','2013-10-03 16:36:16','2013-10-03 16:36:52','','','','\0',NULL,NULL,NULL,6,'\0',1,3,12,'90',27,11,'\0',12,11);
INSERT INTO `answer` (`id`, `additional_keywords`, `answer_text`, `date_added`, `date_changed`, `is_answer_accepted_admin`, `is_answer_accepted_autor`, `is_answer_accepted_review_wahrer`, `is_media`, `media_path`, `points`, `sequence_number`, `status`, `submit_to_review_comitee`, `validity`, `version`, `autor`, `comment`, `question`, `rewiewer`, `is_forced_active`, `created_by`, `modified_by`) VALUES (64,NULL,'Frequenzsynchronisation','2013-10-03 16:46:39',NULL,'','','','\0',NULL,NULL,NULL,6,'\0',1,2,12,'92',28,11,'\0',12,11);
INSERT INTO `answer` (`id`, `additional_keywords`, `answer_text`, `date_added`, `date_changed`, `is_answer_accepted_admin`, `is_answer_accepted_autor`, `is_answer_accepted_review_wahrer`, `is_media`, `media_path`, `points`, `sequence_number`, `status`, `submit_to_review_comitee`, `validity`, `version`, `autor`, `comment`, `question`, `rewiewer`, `is_forced_active`, `created_by`, `modified_by`) VALUES (65,NULL,'Sprache','2013-10-03 16:46:39',NULL,'','','','\0',NULL,NULL,NULL,6,'\0',1,2,12,'93',28,11,'\0',12,11);
INSERT INTO `answer` (`id`, `additional_keywords`, `answer_text`, `date_added`, `date_changed`, `is_answer_accepted_admin`, `is_answer_accepted_autor`, `is_answer_accepted_review_wahrer`, `is_media`, `media_path`, `points`, `sequence_number`, `status`, `submit_to_review_comitee`, `validity`, `version`, `autor`, `comment`, `question`, `rewiewer`, `is_forced_active`, `created_by`, `modified_by`) VALUES (66,NULL,'Musik','2013-10-03 16:46:39',NULL,'','','','\0',NULL,NULL,NULL,6,'\0',1,2,12,'94',28,11,'\0',12,11);
INSERT INTO `answer` (`id`, `additional_keywords`, `answer_text`, `date_added`, `date_changed`, `is_answer_accepted_admin`, `is_answer_accepted_autor`, `is_answer_accepted_review_wahrer`, `is_media`, `media_path`, `points`, `sequence_number`, `status`, `submit_to_review_comitee`, `validity`, `version`, `autor`, `comment`, `question`, `rewiewer`, `is_forced_active`, `created_by`, `modified_by`) VALUES (67,NULL,'Bilder','2013-10-03 16:46:39',NULL,'','','','\0',NULL,NULL,NULL,6,'\0',1,2,12,'95',28,11,'\0',12,11);
INSERT INTO `answer` (`id`, `additional_keywords`, `answer_text`, `date_added`, `date_changed`, `is_answer_accepted_admin`, `is_answer_accepted_autor`, `is_answer_accepted_review_wahrer`, `is_media`, `media_path`, `points`, `sequence_number`, `status`, `submit_to_review_comitee`, `validity`, `version`, `autor`, `comment`, `question`, `rewiewer`, `is_forced_active`, `created_by`, `modified_by`) VALUES (68,NULL,'Daten','2013-10-03 16:46:39',NULL,'','','','\0',NULL,NULL,NULL,6,'\0',1,2,12,'96',28,11,'\0',12,11);
INSERT INTO `answer` (`id`, `additional_keywords`, `answer_text`, `date_added`, `date_changed`, `is_answer_accepted_admin`, `is_answer_accepted_autor`, `is_answer_accepted_review_wahrer`, `is_media`, `media_path`, `points`, `sequence_number`, `status`, `submit_to_review_comitee`, `validity`, `version`, `autor`, `comment`, `question`, `rewiewer`, `is_forced_active`, `created_by`, `modified_by`) VALUES (69,NULL,'Phasensynchronisation','2013-10-03 16:46:39',NULL,'','','','\0',NULL,NULL,NULL,6,'\0',1,2,12,'97',28,11,'\0',12,11);
INSERT INTO `answer` (`id`, `additional_keywords`, `answer_text`, `date_added`, `date_changed`, `is_answer_accepted_admin`, `is_answer_accepted_autor`, `is_answer_accepted_review_wahrer`, `is_media`, `media_path`, `points`, `sequence_number`, `status`, `submit_to_review_comitee`, `validity`, `version`, `autor`, `comment`, `question`, `rewiewer`, `is_forced_active`, `created_by`, `modified_by`) VALUES (70,NULL,'Frequenz-Modulation','2013-10-03 17:20:50',NULL,'','','','\0',NULL,NULL,NULL,6,'\0',0,2,12,'99',29,11,'\0',12,8);
INSERT INTO `answer` (`id`, `additional_keywords`, `answer_text`, `date_added`, `date_changed`, `is_answer_accepted_admin`, `is_answer_accepted_autor`, `is_answer_accepted_review_wahrer`, `is_media`, `media_path`, `points`, `sequence_number`, `status`, `submit_to_review_comitee`, `validity`, `version`, `autor`, `comment`, `question`, `rewiewer`, `is_forced_active`, `created_by`, `modified_by`) VALUES (71,NULL,'Amplituden-Modulation','2013-10-03 17:21:01',NULL,'','','','\0',NULL,NULL,NULL,6,'\0',1,2,12,'100',29,11,'\0',12,8);
INSERT INTO `answer` (`id`, `additional_keywords`, `answer_text`, `date_added`, `date_changed`, `is_answer_accepted_admin`, `is_answer_accepted_autor`, `is_answer_accepted_review_wahrer`, `is_media`, `media_path`, `points`, `sequence_number`, `status`, `submit_to_review_comitee`, `validity`, `version`, `autor`, `comment`, `question`, `rewiewer`, `is_forced_active`, `created_by`, `modified_by`) VALUES (72,NULL,'Single Sideband Modulation<br>','2013-10-03 17:24:56',NULL,'','','','\0',NULL,NULL,NULL,6,'\0',1,2,12,'101',29,11,'\0',12,8);
INSERT INTO `answer` (`id`, `additional_keywords`, `answer_text`, `date_added`, `date_changed`, `is_answer_accepted_admin`, `is_answer_accepted_autor`, `is_answer_accepted_review_wahrer`, `is_media`, `media_path`, `points`, `sequence_number`, `status`, `submit_to_review_comitee`, `validity`, `version`, `autor`, `comment`, `question`, `rewiewer`, `is_forced_active`, `created_by`, `modified_by`) VALUES (73,NULL,'Puls-Code-Modulation<br>','2013-10-03 17:25:25',NULL,'','','','\0',NULL,NULL,NULL,6,'\0',1,2,12,'102',29,11,'\0',12,8);
INSERT INTO `answer` (`id`, `additional_keywords`, `answer_text`, `date_added`, `date_changed`, `is_answer_accepted_admin`, `is_answer_accepted_autor`, `is_answer_accepted_review_wahrer`, `is_media`, `media_path`, `points`, `sequence_number`, `status`, `submit_to_review_comitee`, `validity`, `version`, `autor`, `comment`, `question`, `rewiewer`, `is_forced_active`, `created_by`, `modified_by`) VALUES (74,NULL,'Phase-Shift-Keying','2013-10-03 17:25:59',NULL,'','','','\0',NULL,NULL,NULL,6,'\0',1,2,12,'103',29,11,'\0',12,8);
INSERT INTO `answer` (`id`, `additional_keywords`, `answer_text`, `date_added`, `date_changed`, `is_answer_accepted_admin`, `is_answer_accepted_autor`, `is_answer_accepted_review_wahrer`, `is_media`, `media_path`, `points`, `sequence_number`, `status`, `submit_to_review_comitee`, `validity`, `version`, `autor`, `comment`, `question`, `rewiewer`, `is_forced_active`, `created_by`, `modified_by`) VALUES (75,NULL,'Amplitude-Shift-Keying','2013-10-03 17:26:16',NULL,'','','','\0',NULL,NULL,NULL,6,'\0',1,2,12,'104',29,11,'\0',12,8);
INSERT INTO `answer` (`id`, `additional_keywords`, `answer_text`, `date_added`, `date_changed`, `is_answer_accepted_admin`, `is_answer_accepted_autor`, `is_answer_accepted_review_wahrer`, `is_media`, `media_path`, `points`, `sequence_number`, `status`, `submit_to_review_comitee`, `validity`, `version`, `autor`, `comment`, `question`, `rewiewer`, `is_forced_active`, `created_by`, `modified_by`) VALUES (76,NULL,'','2013-10-03 17:42:16',NULL,'','','','','download/media/image/24479756-cebe-48d5-8037-668b947e0e4a_x-ray-of-brain.jpg',NULL,NULL,6,'\0',1,2,12,'106',30,11,'\0',12,8);
INSERT INTO `answer` (`id`, `additional_keywords`, `answer_text`, `date_added`, `date_changed`, `is_answer_accepted_admin`, `is_answer_accepted_autor`, `is_answer_accepted_review_wahrer`, `is_media`, `media_path`, `points`, `sequence_number`, `status`, `submit_to_review_comitee`, `validity`, `version`, `autor`, `comment`, `question`, `rewiewer`, `is_forced_active`, `created_by`, `modified_by`) VALUES (77,NULL,'','2013-10-03 17:47:28',NULL,'','','','','download/media/image/291fcf29-c25d-410d-8f0b-e0ecf9da5a80_ask.jpg',NULL,NULL,6,'\0',1,2,12,'107',30,11,'\0',12,8);
INSERT INTO `answer` (`id`, `additional_keywords`, `answer_text`, `date_added`, `date_changed`, `is_answer_accepted_admin`, `is_answer_accepted_autor`, `is_answer_accepted_review_wahrer`, `is_media`, `media_path`, `points`, `sequence_number`, `status`, `submit_to_review_comitee`, `validity`, `version`, `autor`, `comment`, `question`, `rewiewer`, `is_forced_active`, `created_by`, `modified_by`) VALUES (78,NULL,'','2013-10-03 17:47:39',NULL,'','','','','download/media/image/c5fc0374-ba53-432e-b26a-e8d42044f02c_psk.jpg',NULL,NULL,6,'\0',0,2,12,'108',30,11,'\0',12,8);
INSERT INTO `answer` (`id`, `additional_keywords`, `answer_text`, `date_added`, `date_changed`, `is_answer_accepted_admin`, `is_answer_accepted_autor`, `is_answer_accepted_review_wahrer`, `is_media`, `media_path`, `points`, `sequence_number`, `status`, `submit_to_review_comitee`, `validity`, `version`, `autor`, `comment`, `question`, `rewiewer`, `is_forced_active`, `created_by`, `modified_by`) VALUES (79,NULL,'','2013-10-03 17:47:51',NULL,'','','','','download/media/image/1f0ccd3b-559a-4341-b2a3-8ed48e9dd90e_fsk.jpg',NULL,NULL,6,'\0',1,2,12,'109',30,11,'\0',12,8);
INSERT INTO `answer` (`id`, `additional_keywords`, `answer_text`, `date_added`, `date_changed`, `is_answer_accepted_admin`, `is_answer_accepted_autor`, `is_answer_accepted_review_wahrer`, `is_media`, `media_path`, `points`, `sequence_number`, `status`, `submit_to_review_comitee`, `validity`, `version`, `autor`, `comment`, `question`, `rewiewer`, `is_forced_active`, `created_by`, `modified_by`) VALUES (80,'','Bandpass f1<br>','2013-10-03 17:57:43','2013-10-03 18:01:22','','','','\0',NULL,'280,52',NULL,6,'\0',0,3,12,'111',31,11,'\0',12,8);
INSERT INTO `answer` (`id`, `additional_keywords`, `answer_text`, `date_added`, `date_changed`, `is_answer_accepted_admin`, `is_answer_accepted_autor`, `is_answer_accepted_review_wahrer`, `is_media`, `media_path`, `points`, `sequence_number`, `status`, `submit_to_review_comitee`, `validity`, `version`, `autor`, `comment`, `question`, `rewiewer`, `is_forced_active`, `created_by`, `modified_by`) VALUES (81,'','Bandpass f2<br>','2013-10-03 18:01:50',NULL,'','','','\0',NULL,'281,354',NULL,6,'\0',0,2,12,'112',31,11,'\0',12,8);
INSERT INTO `answer` (`id`, `additional_keywords`, `answer_text`, `date_added`, `date_changed`, `is_answer_accepted_admin`, `is_answer_accepted_autor`, `is_answer_accepted_review_wahrer`, `is_media`, `media_path`, `points`, `sequence_number`, `status`, `submit_to_review_comitee`, `validity`, `version`, `autor`, `comment`, `question`, `rewiewer`, `is_forced_active`, `created_by`, `modified_by`) VALUES (82,'','Enveloppen-Detektor 1<br>','2013-10-03 18:02:36',NULL,'','','','\0',NULL,'488,53',NULL,6,'\0',0,2,12,'113',31,11,'\0',12,8);
INSERT INTO `answer` (`id`, `additional_keywords`, `answer_text`, `date_added`, `date_changed`, `is_answer_accepted_admin`, `is_answer_accepted_autor`, `is_answer_accepted_review_wahrer`, `is_media`, `media_path`, `points`, `sequence_number`, `status`, `submit_to_review_comitee`, `validity`, `version`, `autor`, `comment`, `question`, `rewiewer`, `is_forced_active`, `created_by`, `modified_by`) VALUES (83,'','Enveloppendetektor 2<br>','2013-10-03 18:03:02',NULL,'','','','\0',NULL,'486,360',NULL,6,'\0',0,2,12,'114',31,11,'\0',12,8);
INSERT INTO `answer` (`id`, `additional_keywords`, `answer_text`, `date_added`, `date_changed`, `is_answer_accepted_admin`, `is_answer_accepted_autor`, `is_answer_accepted_review_wahrer`, `is_media`, `media_path`, `points`, `sequence_number`, `status`, `submit_to_review_comitee`, `validity`, `version`, `autor`, `comment`, `question`, `rewiewer`, `is_forced_active`, `created_by`, `modified_by`) VALUES (84,'','Komparator, Abtaster<br>','2013-10-03 18:03:23',NULL,'','','','\0',NULL,'678,193',NULL,6,'\0',0,2,12,'115',31,11,'\0',12,8);
INSERT INTO `answer` (`id`, `additional_keywords`, `answer_text`, `date_added`, `date_changed`, `is_answer_accepted_admin`, `is_answer_accepted_autor`, `is_answer_accepted_review_wahrer`, `is_media`, `media_path`, `points`, `sequence_number`, `status`, `submit_to_review_comitee`, `validity`, `version`, `autor`, `comment`, `question`, `rewiewer`, `is_forced_active`, `created_by`, `modified_by`) VALUES (85,NULL,'Homers nose<br>','2013-10-03 18:10:27',NULL,'','','','\0',NULL,'232,356,225,420,282,421,313,408,308,377,261,337,231,357',NULL,6,'\0',0,2,12,'117',32,11,'\0',12,8);
INSERT INTO `answer` (`id`, `additional_keywords`, `answer_text`, `date_added`, `date_changed`, `is_answer_accepted_admin`, `is_answer_accepted_autor`, `is_answer_accepted_review_wahrer`, `is_media`, `media_path`, `points`, `sequence_number`, `status`, `submit_to_review_comitee`, `validity`, `version`, `autor`, `comment`, `question`, `rewiewer`, `is_forced_active`, `created_by`, `modified_by`) VALUES (86,NULL,'Homers eye<br>','2013-10-03 18:11:17',NULL,'','','','\0',NULL,'299,318,317,356,353,351,382,341,383,327,378,305,361,291,344,283,327,285,312,282,301,287,294,295,296,317',NULL,6,'\0',0,2,12,'118',32,11,'\0',12,8);
INSERT INTO `answer` (`id`, `additional_keywords`, `answer_text`, `date_added`, `date_changed`, `is_answer_accepted_admin`, `is_answer_accepted_autor`, `is_answer_accepted_review_wahrer`, `is_media`, `media_path`, `points`, `sequence_number`, `status`, `submit_to_review_comitee`, `validity`, `version`, `autor`, `comment`, `question`, `rewiewer`, `is_forced_active`, `created_by`, `modified_by`) VALUES (87,NULL,'Something','2013-10-03 18:11:50',NULL,'','','','\0',NULL,NULL,NULL,6,'\0',0,2,12,'120',33,11,'\0',12,8);
INSERT INTO `answer` (`id`, `additional_keywords`, `answer_text`, `date_added`, `date_changed`, `is_answer_accepted_admin`, `is_answer_accepted_autor`, `is_answer_accepted_review_wahrer`, `is_media`, `media_path`, `points`, `sequence_number`, `status`, `submit_to_review_comitee`, `validity`, `version`, `autor`, `comment`, `question`, `rewiewer`, `is_forced_active`, `created_by`, `modified_by`) VALUES (88,'','Vorderrad.','2013-10-21 09:56:00',NULL,'','\0','\0','\0',NULL,'794,599',NULL,4,'\0',0,0,4,'122',34,11,'\0',2,NULL);
INSERT INTO `answer` (`id`, `additional_keywords`, `answer_text`, `date_added`, `date_changed`, `is_answer_accepted_admin`, `is_answer_accepted_autor`, `is_answer_accepted_review_wahrer`, `is_media`, `media_path`, `points`, `sequence_number`, `status`, `submit_to_review_comitee`, `validity`, `version`, `autor`, `comment`, `question`, `rewiewer`, `is_forced_active`, `created_by`, `modified_by`) VALUES (89,'','Hinterrad','2013-10-21 09:57:00',NULL,'','\0','\0','\0',NULL,'1218,507',NULL,4,'\0',0,0,4,'123',34,5,'\0',2,NULL);
INSERT INTO `answer` (`id`, `additional_keywords`, `answer_text`, `date_added`, `date_changed`, `is_answer_accepted_admin`, `is_answer_accepted_autor`, `is_answer_accepted_review_wahrer`, `is_media`, `media_path`, `points`, `sequence_number`, `status`, `submit_to_review_comitee`, `validity`, `version`, `autor`, `comment`, `question`, `rewiewer`, `is_forced_active`, `created_by`, `modified_by`) VALUES (90,'','Linker Rückspiegel.<br>','2013-10-21 09:58:01',NULL,'','\0','\0','\0',NULL,'993,386',NULL,4,'\0',0,0,4,'124',34,11,'\0',2,NULL);
INSERT INTO `answer` (`id`, `additional_keywords`, `answer_text`, `date_added`, `date_changed`, `is_answer_accepted_admin`, `is_answer_accepted_autor`, `is_answer_accepted_review_wahrer`, `is_media`, `media_path`, `points`, `sequence_number`, `status`, `submit_to_review_comitee`, `validity`, `version`, `autor`, `comment`, `question`, `rewiewer`, `is_forced_active`, `created_by`, `modified_by`) VALUES (91,NULL,'Vorderrad','2013-10-21 10:03:02',NULL,'','\0','\0','\0',NULL,'817,485,858,509,879,547,887,611,882,653,855,695,827,716,797,718,815,720,782,717,747,701,721,674,712,630,721,583,732,541,749,507,771,480,799,476,829,479,844,491,858,507,876,532,876,532,818,486',NULL,4,'\0',0,0,4,'126',35,8,'\0',2,NULL);
INSERT INTO `answer` (`id`, `additional_keywords`, `answer_text`, `date_added`, `date_changed`, `is_answer_accepted_admin`, `is_answer_accepted_autor`, `is_answer_accepted_review_wahrer`, `is_media`, `media_path`, `points`, `sequence_number`, `status`, `submit_to_review_comitee`, `validity`, `version`, `autor`, `comment`, `question`, `rewiewer`, `is_forced_active`, `created_by`, `modified_by`) VALUES (92,NULL,'','2013-10-03 17:47:51',NULL,'','','','','download/media/image/1f0ccd3b-559a-4341-b2a3-8ed48e9dd90e_fsk.jpg',NULL,NULL,6,'\0',1,0,12,'128',36,11,'\0',12,12);
INSERT INTO `answer` (`id`, `additional_keywords`, `answer_text`, `date_added`, `date_changed`, `is_answer_accepted_admin`, `is_answer_accepted_autor`, `is_answer_accepted_review_wahrer`, `is_media`, `media_path`, `points`, `sequence_number`, `status`, `submit_to_review_comitee`, `validity`, `version`, `autor`, `comment`, `question`, `rewiewer`, `is_forced_active`, `created_by`, `modified_by`) VALUES (93,NULL,'','2013-10-03 17:47:39',NULL,'','','','','download/media/image/c5fc0374-ba53-432e-b26a-e8d42044f02c_psk.jpg',NULL,NULL,6,'\0',0,0,12,'129',36,11,'\0',12,12);
INSERT INTO `answer` (`id`, `additional_keywords`, `answer_text`, `date_added`, `date_changed`, `is_answer_accepted_admin`, `is_answer_accepted_autor`, `is_answer_accepted_review_wahrer`, `is_media`, `media_path`, `points`, `sequence_number`, `status`, `submit_to_review_comitee`, `validity`, `version`, `autor`, `comment`, `question`, `rewiewer`, `is_forced_active`, `created_by`, `modified_by`) VALUES (94,NULL,'','2013-10-03 17:42:16',NULL,'','','','','download/media/image/24479756-cebe-48d5-8037-668b947e0e4a_x-ray-of-brain.jpg',NULL,NULL,6,'\0',1,0,12,'130',36,11,'\0',12,12);
INSERT INTO `answer` (`id`, `additional_keywords`, `answer_text`, `date_added`, `date_changed`, `is_answer_accepted_admin`, `is_answer_accepted_autor`, `is_answer_accepted_review_wahrer`, `is_media`, `media_path`, `points`, `sequence_number`, `status`, `submit_to_review_comitee`, `validity`, `version`, `autor`, `comment`, `question`, `rewiewer`, `is_forced_active`, `created_by`, `modified_by`) VALUES (95,NULL,'','2013-10-03 17:47:28',NULL,'','','','','download/media/image/291fcf29-c25d-410d-8f0b-e0ecf9da5a80_ask.jpg',NULL,NULL,6,'\0',1,0,12,'131',36,11,'\0',12,12);
INSERT INTO `answer` (`id`, `additional_keywords`, `answer_text`, `date_added`, `date_changed`, `is_answer_accepted_admin`, `is_answer_accepted_autor`, `is_answer_accepted_review_wahrer`, `is_media`, `media_path`, `points`, `sequence_number`, `status`, `submit_to_review_comitee`, `validity`, `version`, `autor`, `comment`, `question`, `rewiewer`, `is_forced_active`, `created_by`, `modified_by`) VALUES (96,NULL,'\\[c\\cdot k\\cdot B_{a}\\]','2013-10-03 15:44:08',NULL,'','','','\0',NULL,NULL,NULL,6,'\0',0,0,12,'133',37,11,'\0',12,12);
INSERT INTO `answer` (`id`, `additional_keywords`, `answer_text`, `date_added`, `date_changed`, `is_answer_accepted_admin`, `is_answer_accepted_autor`, `is_answer_accepted_review_wahrer`, `is_media`, `media_path`, `points`, `sequence_number`, `status`, `submit_to_review_comitee`, `validity`, `version`, `autor`, `comment`, `question`, `rewiewer`, `is_forced_active`, `created_by`, `modified_by`) VALUES (97,NULL,'\\[B_{a}\\cdot (1 + r)\\]','2013-10-03 15:52:15',NULL,'','','','\0',NULL,NULL,NULL,6,'\0',1,0,12,'134',37,11,'\0',12,12);
INSERT INTO `answer` (`id`, `additional_keywords`, `answer_text`, `date_added`, `date_changed`, `is_answer_accepted_admin`, `is_answer_accepted_autor`, `is_answer_accepted_review_wahrer`, `is_media`, `media_path`, `points`, `sequence_number`, `status`, `submit_to_review_comitee`, `validity`, `version`, `autor`, `comment`, `question`, `rewiewer`, `is_forced_active`, `created_by`, `modified_by`) VALUES (98,NULL,'\\[B_{a}\\cdot B_{PCM} \\cdot a\\]','2013-10-03 15:51:34',NULL,'','','','\0',NULL,NULL,NULL,6,'\0',1,0,12,'135',37,11,'\0',12,12);
INSERT INTO `answer` (`id`, `additional_keywords`, `answer_text`, `date_added`, `date_changed`, `is_answer_accepted_admin`, `is_answer_accepted_autor`, `is_answer_accepted_review_wahrer`, `is_media`, `media_path`, `points`, `sequence_number`, `status`, `submit_to_review_comitee`, `validity`, `version`, `autor`, `comment`, `question`, `rewiewer`, `is_forced_active`, `created_by`, `modified_by`) VALUES (99,NULL,'\\[c \\cdot k \\cdot B_{a}\\cdot (1+r)\\]','2013-10-03 15:43:08',NULL,'','','','\0',NULL,NULL,NULL,6,'\0',1,0,12,'136',37,11,'\0',12,12);
INSERT INTO `answer` (`id`, `additional_keywords`, `answer_text`, `date_added`, `date_changed`, `is_answer_accepted_admin`, `is_answer_accepted_autor`, `is_answer_accepted_review_wahrer`, `is_media`, `media_path`, `points`, `sequence_number`, `status`, `submit_to_review_comitee`, `validity`, `version`, `autor`, `comment`, `question`, `rewiewer`, `is_forced_active`, `created_by`, `modified_by`) VALUES (100,NULL,'\\[B_{a}\\cdot k \\cdot \\frac{1}{k\\cdot f_{A} }\\]','2013-10-03 15:53:35',NULL,'','','','\0',NULL,NULL,NULL,6,'\0',1,0,12,'137',37,11,'\0',12,12);

INSERT INTO `assesment` (`id`, `assesment_version`, `date_closed`, `date_of_assesment`, `date_open`, `is_closed`, `logo`, `name`, `percent_same_question`, `place`, `remember_before_closing`, `version`, `institution`, `mc`, `repe_for`) VALUES (1,1,'2013-09-01 12:00:00','2013-12-31 12:00:00','2013-07-01 12:00:00','\0','Logo?','Test-Exam',80,'ZLF999',20,0,1,1,NULL);
INSERT INTO `assesment` (`id`, `assesment_version`, `date_closed`, `date_of_assesment`, `date_open`, `is_closed`, `logo`, `name`, `percent_same_question`, `place`, `remember_before_closing`, `version`, `institution`, `mc`, `repe_for`) VALUES (2,1,'2013-10-10 12:00:00','2013-12-24 12:00:00','2013-10-03 12:00:00','\0','Logisch','MC 1.1',50,'LZM A',7,0,3,1,NULL);

INSERT INTO `assesment_question` (`id`, `date_added`, `date_changed`, `is_ass_question_accepted_admin`, `is_ass_question_accepted_autor`, `is_ass_question_accepted_rewiever`, `is_ass_question_admin_proposal`, `is_forced_by_admin`, `order_aversion`, `order_bversion`, `schwierigkeit`, `trenschaerfe`, `version`, `assesment`, `autor`, `question`, `rewiewer`) VALUES (1,'2013-07-26 15:28:21',NULL,'','\0','\0','\0','\0',0,0,NULL,NULL,1,1,1,5,3);
INSERT INTO `assesment_question` (`id`, `date_added`, `date_changed`, `is_ass_question_accepted_admin`, `is_ass_question_accepted_autor`, `is_ass_question_accepted_rewiever`, `is_ass_question_admin_proposal`, `is_forced_by_admin`, `order_aversion`, `order_bversion`, `schwierigkeit`, `trenschaerfe`, `version`, `assesment`, `autor`, `question`, `rewiewer`) VALUES (2,'2013-07-26 15:28:24',NULL,'','\0','\0','\0','\0',0,0,NULL,NULL,1,1,1,6,3);

INSERT INTO `doctor` (`id`, `email`, `gender`, `is_active`, `name`, `pre_name`, `telephone`, `title`, `version`) VALUES (1,'EmiSch@gmx.ch',0,'','Schommertz','Emil','+61 422 28 47','M.D',0);
INSERT INTO `doctor` (`id`, `email`, `gender`, `is_active`, `name`, `pre_name`, `telephone`, `title`, `version`) VALUES (2,'JohSch@gmx.ch',0,'','Schonbacher','Johann','+61 537 41 30','M.D',0);
INSERT INTO `doctor` (`id`, `email`, `gender`, `is_active`, `name`, `pre_name`, `telephone`, `title`, `version`) VALUES (3,'BasSch@gmx.ch',0,'','Schoningddad','Bastian','+61 196 61 81','M.Dasdasda',0);
INSERT INTO `doctor` (`id`, `email`, `gender`, `is_active`, `name`, `pre_name`, `telephone`, `title`, `version`) VALUES (4,'BenSch@gmx.ch',0,'','Schoo','Bennet','+61 645 80 08','M.D',0);

INSERT INTO `keyword` (`id`, `name`, `version`) VALUES (1,'LPC',0);
INSERT INTO `keyword` (`id`, `name`, `version`) VALUES (2,'Linear Predictive Coding',0);
INSERT INTO `keyword` (`id`, `name`, `version`) VALUES (3,'Quellencodierung',0);
INSERT INTO `keyword` (`id`, `name`, `version`) VALUES (4,'Modulation',0);
INSERT INTO `keyword` (`id`, `name`, `version`) VALUES (5,'Digital',0);
INSERT INTO `keyword` (`id`, `name`, `version`) VALUES (6,'AD-Wandlung',0);
INSERT INTO `keyword` (`id`, `name`, `version`) VALUES (7,'Analog',0);

INSERT INTO `matrix_validity` (`id`, `validity`, `version`, `answerx`, `answery`) VALUES (1,1,0,57,58);
INSERT INTO `matrix_validity` (`id`, `validity`, `version`, `answerx`, `answery`) VALUES (2,1,0,57,59);
INSERT INTO `matrix_validity` (`id`, `validity`, `version`, `answerx`, `answery`) VALUES (3,0,0,57,60);
INSERT INTO `matrix_validity` (`id`, `validity`, `version`, `answerx`, `answery`) VALUES (4,1,0,57,61);
INSERT INTO `matrix_validity` (`id`, `validity`, `version`, `answerx`, `answery`) VALUES (5,0,0,57,62);
INSERT INTO `matrix_validity` (`id`, `validity`, `version`, `answerx`, `answery`) VALUES (6,1,0,63,58);
INSERT INTO `matrix_validity` (`id`, `validity`, `version`, `answerx`, `answery`) VALUES (7,1,0,63,59);
INSERT INTO `matrix_validity` (`id`, `validity`, `version`, `answerx`, `answery`) VALUES (8,0,0,63,60);
INSERT INTO `matrix_validity` (`id`, `validity`, `version`, `answerx`, `answery`) VALUES (9,0,0,63,61);
INSERT INTO `matrix_validity` (`id`, `validity`, `version`, `answerx`, `answery`) VALUES (10,1,0,63,62);
INSERT INTO `matrix_validity` (`id`, `validity`, `version`, `answerx`, `answery`) VALUES (11,1,0,64,65);
INSERT INTO `matrix_validity` (`id`, `validity`, `version`, `answerx`, `answery`) VALUES (12,1,0,64,66);
INSERT INTO `matrix_validity` (`id`, `validity`, `version`, `answerx`, `answery`) VALUES (13,1,0,64,67);
INSERT INTO `matrix_validity` (`id`, `validity`, `version`, `answerx`, `answery`) VALUES (14,1,0,64,68);
INSERT INTO `matrix_validity` (`id`, `validity`, `version`, `answerx`, `answery`) VALUES (15,1,0,69,65);
INSERT INTO `matrix_validity` (`id`, `validity`, `version`, `answerx`, `answery`) VALUES (16,1,0,69,66);
INSERT INTO `matrix_validity` (`id`, `validity`, `version`, `answerx`, `answery`) VALUES (17,1,0,69,67);
INSERT INTO `matrix_validity` (`id`, `validity`, `version`, `answerx`, `answery`) VALUES (18,1,0,69,68);

INSERT INTO `question_keywords` (`question`, `keywords`) VALUES (24,1);
INSERT INTO `question_keywords` (`question`, `keywords`) VALUES (24,2);
INSERT INTO `question_keywords` (`question`, `keywords`) VALUES (24,3);
INSERT INTO `question_keywords` (`question`, `keywords`) VALUES (25,3);
INSERT INTO `question_keywords` (`question`, `keywords`) VALUES (23,4);
INSERT INTO `question_keywords` (`question`, `keywords`) VALUES (37,4);
INSERT INTO `question_keywords` (`question`, `keywords`) VALUES (23,5);
INSERT INTO `question_keywords` (`question`, `keywords`) VALUES (24,5);
INSERT INTO `question_keywords` (`question`, `keywords`) VALUES (25,5);
INSERT INTO `question_keywords` (`question`, `keywords`) VALUES (37,5);
INSERT INTO `question_keywords` (`question`, `keywords`) VALUES (25,6);
INSERT INTO `question_keywords` (`question`, `keywords`) VALUES (25,7);

INSERT INTO `question_mcs` (`question`, `mcs`) VALUES (4,1);
INSERT INTO `question_mcs` (`question`, `mcs`) VALUES (5,1);
INSERT INTO `question_mcs` (`question`, `mcs`) VALUES (6,1);
INSERT INTO `question_mcs` (`question`, `mcs`) VALUES (11,1);
INSERT INTO `question_mcs` (`question`, `mcs`) VALUES (14,1);
INSERT INTO `question_mcs` (`question`, `mcs`) VALUES (15,1);
INSERT INTO `question_mcs` (`question`, `mcs`) VALUES (16,1);
INSERT INTO `question_mcs` (`question`, `mcs`) VALUES (17,1);
INSERT INTO `question_mcs` (`question`, `mcs`) VALUES (18,1);
INSERT INTO `question_mcs` (`question`, `mcs`) VALUES (19,1);
INSERT INTO `question_mcs` (`question`, `mcs`) VALUES (20,1);
INSERT INTO `question_mcs` (`question`, `mcs`) VALUES (21,1);
INSERT INTO `question_mcs` (`question`, `mcs`) VALUES (22,1);
INSERT INTO `question_mcs` (`question`, `mcs`) VALUES (23,1);
INSERT INTO `question_mcs` (`question`, `mcs`) VALUES (24,1);
INSERT INTO `question_mcs` (`question`, `mcs`) VALUES (25,1);
INSERT INTO `question_mcs` (`question`, `mcs`) VALUES (26,1);
INSERT INTO `question_mcs` (`question`, `mcs`) VALUES (27,1);
INSERT INTO `question_mcs` (`question`, `mcs`) VALUES (28,1);
INSERT INTO `question_mcs` (`question`, `mcs`) VALUES (29,1);
INSERT INTO `question_mcs` (`question`, `mcs`) VALUES (30,1);
INSERT INTO `question_mcs` (`question`, `mcs`) VALUES (31,1);
INSERT INTO `question_mcs` (`question`, `mcs`) VALUES (32,1);
INSERT INTO `question_mcs` (`question`, `mcs`) VALUES (33,1);
INSERT INTO `question_mcs` (`question`, `mcs`) VALUES (34,1);
INSERT INTO `question_mcs` (`question`, `mcs`) VALUES (35,1);
INSERT INTO `question_mcs` (`question`, `mcs`) VALUES (36,1);
INSERT INTO `question_mcs` (`question`, `mcs`) VALUES (37,1);
INSERT INTO `question_mcs` (`question`, `mcs`) VALUES (38,1);
INSERT INTO `question_mcs` (`question`, `mcs`) VALUES (23,3);

INSERT INTO `question_resource` (`id`, `path`, `sequence_number`, `type`, `version`, `question`, `image_height`, `image_width`) VALUES (1,'download/media/image/55b8d79f-6b83-4e76-9ba8-e234defb0be9_x-ray-of-brain.jpg',1,1,0,4,NULL,NULL);
INSERT INTO `question_resource` (`id`, `path`, `sequence_number`, `type`, `version`, `question`, `image_height`, `image_width`) VALUES (2,'download/media/sound/28269917-fa8a-428e-9496-998fd50746da_1-beginn-posten.mp3',0,2,0,4,NULL,NULL);
INSERT INTO `question_resource` (`id`, `path`, `sequence_number`, `type`, `version`, `question`, `image_height`, `image_width`) VALUES (8,'download/media/image/360240c0-2cfe-4d9e-b677-e3bcc2a3a280_x-ray-of-brain.jpg',0,1,0,18,768,1024);
INSERT INTO `question_resource` (`id`, `path`, `sequence_number`, `type`, `version`, `question`, `image_height`, `image_width`) VALUES (9,'download/media/image/7aa120d4-02ad-437b-aaa3-0ed6e4933c91_Tulips.jpg',0,1,0,18,768,1024);
INSERT INTO `question_resource` (`id`, `path`, `sequence_number`, `type`, `version`, `question`, `image_height`, `image_width`) VALUES (10,'download/media/sound/aa7ba9d2-7773-4a09-bf30-017c4c5ba391_Maid with the Flaxen Hair.mp3',4,2,0,19,NULL,NULL);
INSERT INTO `question_resource` (`id`, `path`, `sequence_number`, `type`, `version`, `question`, `image_height`, `image_width`) VALUES (11,'download/media/sound/b27f0f7f-743a-4f4f-b12c-363aed60a6b3_Kalimba.mp3',2,2,0,19,NULL,NULL);
INSERT INTO `question_resource` (`id`, `path`, `sequence_number`, `type`, `version`, `question`, `image_height`, `image_width`) VALUES (12,'download/media/sound/75dad3d7-263b-480b-84ee-d07e79f73ea1_Kalimba.mp3',1,2,0,19,NULL,NULL);
INSERT INTO `question_resource` (`id`, `path`, `sequence_number`, `type`, `version`, `question`, `image_height`, `image_width`) VALUES (13,'download/media/sound/b27f0f7f-743a-4f4f-b12c-363aed60a6b3_Kalimba.mp3',0,2,0,19,NULL,NULL);
INSERT INTO `question_resource` (`id`, `path`, `sequence_number`, `type`, `version`, `question`, `image_height`, `image_width`) VALUES (14,'download/media/sound/aa7ba9d2-7773-4a09-bf30-017c4c5ba391_Maid with the Flaxen Hair.mp3',0,2,0,19,NULL,NULL);
INSERT INTO `question_resource` (`id`, `path`, `sequence_number`, `type`, `version`, `question`, `image_height`, `image_width`) VALUES (15,'download/media/sound/75dad3d7-263b-480b-84ee-d07e79f73ea1_Kalimba.mp3',0,2,0,19,NULL,NULL);
INSERT INTO `question_resource` (`id`, `path`, `sequence_number`, `type`, `version`, `question`, `image_height`, `image_width`) VALUES (16,'download/media/image/6c75a1b7-e337-4cb2-98e4-c8cf3fe05ee5_Chrysanthemum.jpg',1,1,0,20,NULL,NULL);
INSERT INTO `question_resource` (`id`, `path`, `sequence_number`, `type`, `version`, `question`, `image_height`, `image_width`) VALUES (18,'download/media/image/6c75a1b7-e337-4cb2-98e4-c8cf3fe05ee5_Chrysanthemum.jpg',0,1,0,20,NULL,NULL);
INSERT INTO `question_resource` (`id`, `path`, `sequence_number`, `type`, `version`, `question`, `image_height`, `image_width`) VALUES (19,'download/media/image/b76a38a4-37d3-4b71-841f-2a7fa0313f26_fm_spektrum.jpg',0,1,0,29,NULL,NULL);
INSERT INTO `question_resource` (`id`, `path`, `sequence_number`, `type`, `version`, `question`, `image_height`, `image_width`) VALUES (20,'download/media/image/7d3603f5-1a8a-43d9-9f8f-2a975623f99d_ssbrec.jpg',0,1,0,31,417,765);
INSERT INTO `question_resource` (`id`, `path`, `sequence_number`, `type`, `version`, `question`, `image_height`, `image_width`) VALUES (21,'download/media/image/1830f979-4ef6-4bd9-a00b-d168f9594c46_x-ray-of-brain.jpg',0,1,0,32,768,1024);
INSERT INTO `question_resource` (`id`, `path`, `sequence_number`, `type`, `version`, `question`, `image_height`, `image_width`) VALUES (22,'download/media/image/face20de-4923-442e-a816-399deb094e74_auto-dealer-1.jpg',0,1,0,34,1024,1280);
INSERT INTO `question_resource` (`id`, `path`, `sequence_number`, `type`, `version`, `question`, `image_height`, `image_width`) VALUES (23,'download/media/image/35a3817c-cbc6-485b-9a14-ef71f4955c4a_auto-dealer-1.jpg',0,1,0,35,1024,1280);

INSERT INTO `question_sum_per_person` (`id`, `question_sum`, `sort_order`, `version`, `assesment`, `question_event`, `responsible_person`) VALUES (1,50,1,0,2,4,11);

INSERT INTO `question_type_count_per_exam` (`id`, `blocking_type`, `question_type_count`, `sort_order`, `version`, `assesment`) VALUES (2,0,0,1,0,2);

INSERT INTO `question_type_count_per_exam_question_types_assigned` (`question_type_count_per_exam`, `question_types_assigned`) VALUES (2,5);
INSERT INTO `question_type_count_per_exam_question_types_assigned` (`question_type_count_per_exam`, `question_types_assigned`) VALUES (2,19);
INSERT INTO `question_type_count_per_exam_question_types_assigned` (`question_type_count_per_exam`, `question_types_assigned`) VALUES (2,20);
INSERT INTO `question_type_count_per_exam_question_types_assigned` (`question_type_count_per_exam`, `question_types_assigned`) VALUES (2,21);
INSERT INTO `question_type_count_per_exam_question_types_assigned` (`question_type_count_per_exam`, `question_types_assigned`) VALUES (2,22);
INSERT INTO `question_type_count_per_exam_question_types_assigned` (`question_type_count_per_exam`, `question_types_assigned`) VALUES (2,23);
INSERT INTO `question_type_count_per_exam_question_types_assigned` (`question_type_count_per_exam`, `question_types_assigned`) VALUES (2,24);
INSERT INTO `question_type_count_per_exam_question_types_assigned` (`question_type_count_per_exam`, `question_types_assigned`) VALUES (2,25);
INSERT INTO `question_type_count_per_exam_question_types_assigned` (`question_type_count_per_exam`, `question_types_assigned`) VALUES (2,26);

INSERT INTO `user_access_rights` (`id`, `acc_rights`, `version`, `institution`, `person`, `question`, `question_event`) VALUES (3,1,0,NULL,1,NULL,1);
INSERT INTO `user_access_rights` (`id`, `acc_rights`, `version`, `institution`, `person`, `question`, `question_event`) VALUES (4,3,0,NULL,1,NULL,1);
INSERT INTO `user_access_rights` (`id`, `acc_rights`, `version`, `institution`, `person`, `question`, `question_event`) VALUES (6,0,0,NULL,1,NULL,1);
INSERT INTO `user_access_rights` (`id`, `acc_rights`, `version`, `institution`, `person`, `question`, `question_event`) VALUES (7,4,0,3,8,NULL,NULL);
INSERT INTO `user_access_rights` (`id`, `acc_rights`, `version`, `institution`, `person`, `question`, `question_event`) VALUES (11,0,0,NULL,5,NULL,3);
INSERT INTO `user_access_rights` (`id`, `acc_rights`, `version`, `institution`, `person`, `question`, `question_event`) VALUES (12,1,0,NULL,5,NULL,3);
INSERT INTO `user_access_rights` (`id`, `acc_rights`, `version`, `institution`, `person`, `question`, `question_event`) VALUES (13,3,0,NULL,5,NULL,3);
INSERT INTO `user_access_rights` (`id`, `acc_rights`, `version`, `institution`, `person`, `question`, `question_event`) VALUES (14,0,0,NULL,5,NULL,2);
INSERT INTO `user_access_rights` (`id`, `acc_rights`, `version`, `institution`, `person`, `question`, `question_event`) VALUES (15,0,0,NULL,4,NULL,2);
INSERT INTO `user_access_rights` (`id`, `acc_rights`, `version`, `institution`, `person`, `question`, `question_event`) VALUES (16,1,0,NULL,4,NULL,2);
INSERT INTO `user_access_rights` (`id`, `acc_rights`, `version`, `institution`, `person`, `question`, `question_event`) VALUES (17,3,0,NULL,4,NULL,2);
INSERT INTO `user_access_rights` (`id`, `acc_rights`, `version`, `institution`, `person`, `question`, `question_event`) VALUES (18,0,0,NULL,4,NULL,3);
INSERT INTO `user_access_rights` (`id`, `acc_rights`, `version`, `institution`, `person`, `question`, `question_event`) VALUES (19,1,0,NULL,4,NULL,3);
INSERT INTO `user_access_rights` (`id`, `acc_rights`, `version`, `institution`, `person`, `question`, `question_event`) VALUES (20,5,0,3,1,NULL,NULL);
INSERT INTO `user_access_rights` (`id`, `acc_rights`, `version`, `institution`, `person`, `question`, `question_event`) VALUES (30,1,0,NULL,11,NULL,5);
INSERT INTO `user_access_rights` (`id`, `acc_rights`, `version`, `institution`, `person`, `question`, `question_event`) VALUES (31,3,0,NULL,11,NULL,5);
INSERT INTO `user_access_rights` (`id`, `acc_rights`, `version`, `institution`, `person`, `question`, `question_event`) VALUES (32,1,0,NULL,11,NULL,4);
INSERT INTO `user_access_rights` (`id`, `acc_rights`, `version`, `institution`, `person`, `question`, `question_event`) VALUES (34,1,0,NULL,11,NULL,2);
INSERT INTO `user_access_rights` (`id`, `acc_rights`, `version`, `institution`, `person`, `question`, `question_event`) VALUES (36,1,0,NULL,12,NULL,4);
INSERT INTO `user_access_rights` (`id`, `acc_rights`, `version`, `institution`, `person`, `question`, `question_event`) VALUES (37,3,0,NULL,12,NULL,4);
INSERT INTO `user_access_rights` (`id`, `acc_rights`, `version`, `institution`, `person`, `question`, `question_event`) VALUES (38,0,0,NULL,12,NULL,3);
INSERT INTO `user_access_rights` (`id`, `acc_rights`, `version`, `institution`, `person`, `question`, `question_event`) VALUES (40,1,0,NULL,12,NULL,2);
INSERT INTO `user_access_rights` (`id`, `acc_rights`, `version`, `institution`, `person`, `question`, `question_event`) VALUES (42,1,0,NULL,12,NULL,5);